allworkpop,home,under10,ten30,over30,other,basename,SOAname,Under10,TenTo30,Over30
574,84,271,87,40,92,LC7701NI_95AA01S1.xlsx,95AA01S1,47.21254355,15.15679443,6.968641115
884,146,201,392,43,102,LC7701NI_95AA01S2.xlsx,95AA01S2,22.73755656,44.3438914,4.864253394
767,116,248,299,26,78,LC7701NI_95AA01S3.xlsx,95AA01S3,32.33376793,38.98305085,3.389830508
771,45,399,226,33,68,LC7701NI_95AA02W1.xlsx,95AA02W1,51.75097276,29.31258106,4.280155642
727,65,360,215,22,65,LC7701NI_95AA03W1.xlsx,95AA03W1,49.51856946,29.5735901,3.026134801
1456,269,291,674,47,175,LC7701NI_95AA04W1.xlsx,95AA04W1,19.98626374,46.29120879,3.228021978
1183,146,295,361,204,177,LC7701NI_95AA05W1.xlsx,95AA05W1,24.93660186,30.51563821,17.24429417
822,83,168,452,24,95,LC7701NI_95AA06S1.xlsx,95AA06S1,20.4379562,54.98783455,2.919708029
1109,68,230,642,37,132,LC7701NI_95AA06S2.xlsx,95AA06S2,20.73940487,57.88999098,3.336339044
985,132,254,299,165,135,LC7701NI_95AA07W1.xlsx,95AA07W1,25.78680203,30.35532995,16.75126904
656,48,364,176,20,48,LC7701NI_95AA08W1.xlsx,95AA08W1,55.48780488,26.82926829,3.048780488
852,66,453,225,27,81,LC7701NI_95AA09W1.xlsx,95AA09W1,53.16901408,26.4084507,3.169014085
743,66,370,214,19,74,LC7701NI_95AA10W1.xlsx,95AA10W1,49.79811575,28.80215343,2.557200538
1349,85,622,461,49,132,LC7701NI_95AA11S1.xlsx,95AA11S1,46.10822832,34.17346182,3.632320237
1313,100,498,525,64,126,LC7701NI_95AA11S2.xlsx,95AA11S2,37.92840823,39.98476771,4.874333587
1377,213,292,642,59,171,LC7701NI_95AA12W1.xlsx,95AA12W1,21.20551924,46.62309368,4.284676834
775,73,258,237,109,98,LC7701NI_95AA13S1.xlsx,95AA13S1,33.29032258,30.58064516,14.06451613
715,44,249,214,115,93,LC7701NI_95AA13S2.xlsx,95AA13S2,34.82517483,29.93006993,16.08391608
1068,152,324,338,115,139,LC7701NI_95AA14W1.xlsx,95AA14W1,30.33707865,31.64794007,10.76779026
1362,98,598,487,67,112,LC7701NI_95AA15S1.xlsx,95AA15S1,43.90602056,35.75624082,4.919236417
645,47,333,176,25,64,LC7701NI_95AA15S2.xlsx,95AA15S2,51.62790698,27.28682171,3.875968992
774,57,421,221,20,55,LC7701NI_95AA16W1.xlsx,95AA16W1,54.39276486,28.55297158,2.583979328
953,60,487,285,48,73,LC7701NI_95AA17W1.xlsx,95AA17W1,51.10178384,29.90556139,5.036726128
1047,129,294,497,38,89,LC7701NI_95AA18W1.xlsx,95AA18W1,28.08022923,47.46895893,3.629417383
1108,134,262,271,228,213,LC7701NI_95AA19W1.xlsx,95AA19W1,23.64620939,24.45848375,20.57761733
766,77,141,415,32,101,LC7701NI_95BB01S1.xlsx,95BB01S1,18.4073107,54.17754569,4.177545692
1007,75,166,619,37,110,LC7701NI_95BB01S2.xlsx,95BB01S2,16.48460775,61.46971202,3.67428004
867,82,427,207,54,97,LC7701NI_95BB02W1.xlsx,95BB02W1,49.25028835,23.87543253,6.228373702
769,43,98,459,61,108,LC7701NI_95BB03S1.xlsx,95BB03S1,12.74382315,59.68790637,7.932379714
866,117,97,460,75,117,LC7701NI_95BB03S2.xlsx,95BB03S2,11.20092379,53.11778291,8.660508083
573,47,250,180,29,67,LC7701NI_95BB04S1.xlsx,95BB04S1,43.63001745,31.41361257,5.061082024
683,82,286,219,26,70,LC7701NI_95BB04S2.xlsx,95BB04S2,41.87408492,32.06442167,3.806734993
699,119,191,261,21,107,LC7701NI_95BB05S1.xlsx,95BB05S1,27.32474964,37.33905579,3.004291845
895,155,157,423,41,119,LC7701NI_95BB05S2.xlsx,95BB05S2,17.54189944,47.26256983,4.581005587
1127,73,563,338,39,114,LC7701NI_95BB06W1.xlsx,95BB06W1,49.95563443,29.99112689,3.460514641
654,51,247,259,24,73,LC7701NI_95BB07S1.xlsx,95BB07S1,37.7675841,39.60244648,3.669724771
570,50,230,214,19,57,LC7701NI_95BB07S2.xlsx,95BB07S2,40.35087719,37.54385965,3.333333333
504,35,243,143,8,75,LC7701NI_95BB08S1.xlsx,95BB08S1,48.21428571,28.37301587,1.587301587
659,36,248,277,18,80,LC7701NI_95BB08S2.xlsx,95BB08S2,37.63277693,42.03338392,2.731411229
607,72,199,236,23,77,LC7701NI_95BB09S1.xlsx,95BB09S1,32.78418451,38.87973641,3.789126853
836,68,307,348,21,92,LC7701NI_95BB09S2.xlsx,95BB09S2,36.72248804,41.62679426,2.511961722
711,57,230,302,36,86,LC7701NI_95BB10S1.xlsx,95BB10S1,32.3488045,42.47538678,5.063291139
708,114,181,287,36,90,LC7701NI_95BB10S2.xlsx,95BB10S2,25.56497175,40.53672316,5.084745763
539,24,205,214,24,72,LC7701NI_95BB11S1.xlsx,95BB11S1,38.03339518,39.70315399,4.452690167
600,33,180,281,28,78,LC7701NI_95BB11S2.xlsx,95BB11S2,30,46.83333333,4.666666667
512,23,265,144,11,69,LC7701NI_95BB12S1.xlsx,95BB12S1,51.7578125,28.125,2.1484375
555,58,215,184,34,64,LC7701NI_95BB12S2.xlsx,95BB12S2,38.73873874,33.15315315,6.126126126
592,58,240,216,22,56,LC7701NI_95BB13S1.xlsx,95BB13S1,40.54054054,36.48648649,3.716216216
572,29,271,186,18,68,LC7701NI_95BB13S2.xlsx,95BB13S2,47.37762238,32.51748252,3.146853147
798,60,331,300,26,81,LC7701NI_95BB13S3.xlsx,95BB13S3,41.47869674,37.59398496,3.258145363
716,112,101,376,36,91,LC7701NI_95BB14S1.xlsx,95BB14S1,14.10614525,52.51396648,5.027932961
747,93,104,434,35,81,LC7701NI_95BB14S2.xlsx,95BB14S2,13.92235609,58.09906292,4.6854083
849,116,104,272,174,183,LC7701NI_95BB15S1.xlsx,95BB15S1,12.24970554,32.0376914,20.49469965
602,69,77,293,50,113,LC7701NI_95BB15S2.xlsx,95BB15S2,12.79069767,48.67109635,8.305647841
727,112,227,256,21,111,LC7701NI_95BB16S1.xlsx,95BB16S1,31.22420908,35.21320495,2.888583219
748,102,173,343,36,94,LC7701NI_95BB16S2.xlsx,95BB16S2,23.12834225,45.85561497,4.812834225
871,63,378,310,19,101,LC7701NI_95BB17S1.xlsx,95BB17S1,43.39839265,35.5912744,2.181400689
743,96,289,244,33,81,LC7701NI_95BB17S2.xlsx,95BB17S2,38.89636608,32.83983849,4.441453567
661,43,131,363,23,101,LC7701NI_95BB18S1.xlsx,95BB18S1,19.81845688,54.91679274,3.479576399
1180,144,247,570,60,159,LC7701NI_95BB18S2.xlsx,95BB18S2,20.93220339,48.30508475,5.084745763
740,45,357,249,27,62,LC7701NI_95BB19S1.xlsx,95BB19S1,48.24324324,33.64864865,3.648648649
906,50,368,370,25,93,LC7701NI_95BB19S2.xlsx,95BB19S2,40.61810155,40.8388521,2.759381898
712,44,292,284,30,62,LC7701NI_95BB19S3.xlsx,95BB19S3,41.01123596,39.88764045,4.213483146
758,118,123,144,218,155,LC7701NI_95BB20S1.xlsx,95BB20S1,16.22691293,18.99736148,28.75989446
498,41,115,112,135,95,LC7701NI_95BB20S2.xlsx,95BB20S2,23.09236948,22.48995984,27.10843373
931,90,164,313,205,159,LC7701NI_95BB21S1.xlsx,95BB21S1,17.61546724,33.61976369,22.01933405
997,116,118,377,217,169,LC7701NI_95BB21S2.xlsx,95BB21S2,11.83550652,37.81344032,21.76529589
664,46,280,225,21,92,LC7701NI_95BB22S1.xlsx,95BB22S1,42.1686747,33.88554217,3.162650602
528,36,279,147,13,53,LC7701NI_95BB22S2.xlsx,95BB22S2,52.84090909,27.84090909,2.462121212
697,62,293,243,27,72,LC7701NI_95BB23S1.xlsx,95BB23S1,42.03730273,34.86370158,3.87374462
740,67,306,254,35,78,LC7701NI_95BB23S2.xlsx,95BB23S2,41.35135135,34.32432432,4.72972973
912,106,446,161,95,104,LC7701NI_95CC01W1.xlsx,95CC01W1,48.90350877,17.65350877,10.41666667
1184,208,379,223,165,209,LC7701NI_95CC02W1.xlsx,95CC02W1,32.01013514,18.83445946,13.93581081
923,95,445,153,81,149,LC7701NI_95CC03W1.xlsx,95CC03W1,48.21235103,16.57638137,8.775731311
992,136,231,289,121,215,LC7701NI_95CC04W1.xlsx,95CC04W1,23.28629032,29.13306452,12.19758065
1145,161,361,315,118,190,LC7701NI_95CC05W1.xlsx,95CC05W1,31.52838428,27.51091703,10.30567686
671,52,282,168,93,76,LC7701NI_95CC06S1.xlsx,95CC06S1,42.02682563,25.03725782,13.85991058
529,44,238,130,51,66,LC7701NI_95CC06S2.xlsx,95CC06S2,44.9905482,24.57466919,9.640831758
1387,206,236,397,212,336,LC7701NI_95CC07W1.xlsx,95CC07W1,17.01514059,28.62292718,15.28478731
879,69,409,174,84,143,LC7701NI_95CC08W1.xlsx,95CC08W1,46.5301479,19.79522184,9.556313993
700,129,185,222,68,96,LC7701NI_95CC09S1.xlsx,95CC09S1,26.42857143,31.71428571,9.714285714
944,94,346,303,106,95,LC7701NI_95CC09S2.xlsx,95CC09S2,36.65254237,32.09745763,11.22881356
1160,202,434,247,140,137,LC7701NI_95CC10W1.xlsx,95CC10W1,37.4137931,21.29310345,12.06896552
632,62,143,226,63,138,LC7701NI_95CC11W1.xlsx,95CC11W1,22.62658228,35.75949367,9.96835443
1177,222,324,331,80,220,LC7701NI_95CC12W1.xlsx,95CC12W1,27.52761257,28.12234494,6.796941376
1108,195,235,302,153,223,LC7701NI_95CC13W1.xlsx,95CC13W1,21.20938628,27.25631769,13.80866426
1373,118,595,334,157,169,LC7701NI_95CC14W1.xlsx,95CC14W1,43.33576111,24.32629279,11.43481428
1247,178,377,386,152,154,LC7701NI_95CC15W1.xlsx,95CC15W1,30.23255814,30.9542903,12.18925421
1123,122,304,422,116,159,LC7701NI_95CC16W1.xlsx,95CC16W1,27.07034728,37.5779163,10.32947462
1255,200,439,261,113,242,LC7701NI_95CC17W1.xlsx,95CC17W1,34.98007968,20.79681275,9.003984064
990,79,398,245,127,141,LC7701NI_95CC18W1.xlsx,95CC18W1,40.2020202,24.74747475,12.82828283
1204,201,190,495,145,173,LC7701NI_95CC19W1.xlsx,95CC19W1,15.7807309,41.11295681,12.04318937
606,68,234,166,74,64,LC7701NI_95CC20S1.xlsx,95CC20S1,38.61386139,27.39273927,12.21122112
781,71,330,208,87,85,LC7701NI_95CC20S2.xlsx,95CC20S2,42.25352113,26.63252241,11.13956466
1293,112,525,355,142,159,LC7701NI_95CC21W1.xlsx,95CC21W1,40.60324826,27.45552978,10.98221191
701,58,345,146,81,71,LC7701NI_95CC22W1.xlsx,95CC22W1,49.21540656,20.82738944,11.55492154
842,67,423,115,164,73,LC7701NI_95DD01W1.xlsx,95DD01W1,50.23752969,13.65795724,19.47743468
644,39,354,109,83,59,LC7701NI_95DD02S1.xlsx,95DD02S1,54.9689441,16.92546584,12.88819876
1217,110,579,200,220,108,LC7701NI_95DD02S2.xlsx,95DD02S2,47.57600657,16.43385374,18.07723911
1662,149,763,237,378,135,LC7701NI_95DD03W1.xlsx,95DD03W1,45.90854392,14.2599278,22.74368231
654,42,416,92,56,48,LC7701NI_95DD04W1.xlsx,95DD04W1,63.60856269,14.06727829,8.562691131
627,66,357,99,45,60,LC7701NI_95DD05W1.xlsx,95DD05W1,56.93779904,15.78947368,7.177033493
1105,80,558,164,190,113,LC7701NI_95DD06W1.xlsx,95DD06W1,50.49773756,14.84162896,17.19457014
652,51,350,102,92,57,LC7701NI_95DD07S1.xlsx,95DD07S1,53.6809816,15.64417178,14.11042945
771,59,372,124,124,92,LC7701NI_95DD07S2.xlsx,95DD07S2,48.24902724,16.08300908,16.08300908
898,68,518,123,109,80,LC7701NI_95DD08W1.xlsx,95DD08W1,57.68374165,13.69710468,12.13808463
1215,208,491,192,167,157,LC7701NI_95DD09W1.xlsx,95DD09W1,40.41152263,15.80246914,13.74485597
1194,83,679,186,145,101,LC7701NI_95DD10W1.xlsx,95DD10W1,56.86767169,15.57788945,12.1440536
854,52,459,129,114,100,LC7701NI_95DD11W1.xlsx,95DD11W1,53.7470726,15.10538642,13.34894614
1202,200,340,337,158,167,LC7701NI_95DD12W1.xlsx,95DD12W1,28.28618968,28.03660566,13.14475874
693,53,395,93,89,63,LC7701NI_95DD13W1.xlsx,95DD13W1,56.998557,13.41991342,12.84271284
723,71,366,111,117,58,LC7701NI_95DD14S1.xlsx,95DD14S1,50.62240664,15.3526971,16.18257261
841,77,384,122,194,64,LC7701NI_95DD14S2.xlsx,95DD14S2,45.65992866,14.50653983,23.06777646
1601,209,197,654,289,252,LC7701NI_95DD15W1.xlsx,95DD15W1,12.30480949,40.84946908,18.05121799
1468,223,412,462,182,189,LC7701NI_95DD16W1.xlsx,95DD16W1,28.0653951,31.47138965,12.39782016
1616,254,384,456,284,238,LC7701NI_95DD17W1.xlsx,95DD17W1,23.76237624,28.21782178,17.57425743
768,82,427,110,80,69,LC7701NI_95DD18W1.xlsx,95DD18W1,55.59895833,14.32291667,10.41666667
839,77,365,217,86,94,LC7701NI_95DD19S1.xlsx,95DD19S1,43.50417163,25.86412396,10.25029797
702,101,284,140,105,72,LC7701NI_95DD19S2.xlsx,95DD19S2,40.45584046,19.94301994,14.95726496
629,58,388,83,47,53,LC7701NI_95DD20W1.xlsx,95DD20W1,61.68521463,13.19554849,7.47217806
986,58,568,132,137,91,LC7701NI_95DD21W1.xlsx,95DD21W1,57.60649087,13.38742394,13.89452333
713,99,174,216,122,102,LC7701NI_95DD22S1.xlsx,95DD22S1,24.40392707,30.29453015,17.11079944
666,98,115,251,101,101,LC7701NI_95DD22S2.xlsx,95DD22S2,17.26726727,37.68768769,15.16516517
1223,251,281,371,163,157,LC7701NI_95DD23W1.xlsx,95DD23W1,22.97628782,30.33524121,13.32788226
1238,109,603,191,204,131,LC7701NI_95DD24W1.xlsx,95DD24W1,48.70759289,15.42810985,16.47819063
747,98,70,271,139,169,LC7701NI_95EE01W1.xlsx,95EE01W1,9.3708166,36.27844712,18.60776439
875,127,310,166,138,134,LC7701NI_95EE02W1.xlsx,95EE02W1,35.42857143,18.97142857,15.77142857
771,61,269,260,96,85,LC7701NI_95EE03W1.xlsx,95EE03W1,34.88975357,33.72243839,12.45136187
840,100,97,370,155,118,LC7701NI_95EE04W1.xlsx,95EE04W1,11.54761905,44.04761905,18.45238095
664,110,201,189,91,73,LC7701NI_95EE05W1.xlsx,95EE05W1,30.27108434,28.46385542,13.70481928
917,110,204,263,148,192,LC7701NI_95EE06W1.xlsx,95EE06W1,22.24645583,28.68047983,16.13958561
674,46,241,231,71,85,LC7701NI_95EE07W1.xlsx,95EE07W1,35.75667656,34.27299703,10.53412463
689,54,250,222,100,63,LC7701NI_95EE08W1.xlsx,95EE08W1,36.28447025,32.22060958,14.5137881
804,136,184,267,86,131,LC7701NI_95EE09W1.xlsx,95EE09W1,22.88557214,33.20895522,10.69651741
760,92,141,277,116,134,LC7701NI_95EE10W1.xlsx,95EE10W1,18.55263158,36.44736842,15.26315789
721,145,126,229,94,127,LC7701NI_95EE11W1.xlsx,95EE11W1,17.47572816,31.76144244,13.03744799
968,52,315,340,113,148,LC7701NI_95EE12W1.xlsx,95EE12W1,32.54132231,35.12396694,11.67355372
509,47,180,173,58,51,LC7701NI_95EE13W1.xlsx,95EE13W1,35.36345776,33.98821218,11.39489194
1120,125,371,334,153,137,LC7701NI_95EE14W1.xlsx,95EE14W1,33.125,29.82142857,13.66071429
747,123,124,250,116,134,LC7701NI_95EE15W1.xlsx,95EE15W1,16.59973226,33.46720214,15.52878179
895,135,197,329,108,126,LC7701NI_95EE16W1.xlsx,95EE16W1,22.01117318,36.75977654,12.06703911
1011,56,319,298,219,119,LC7701NI_95FF01S1.xlsx,95FF01S1,31.5529179,29.47576657,21.66172107
1270,109,326,380,323,132,LC7701NI_95FF01S2.xlsx,95FF01S2,25.66929134,29.92125984,25.43307087
1210,225,182,383,162,258,LC7701NI_95FF02W1.xlsx,95FF02W1,15.04132231,31.65289256,13.38842975
1365,85,498,381,221,180,LC7701NI_95FF03W1.xlsx,95FF03W1,36.48351648,27.91208791,16.19047619
1207,241,282,305,184,195,LC7701NI_95FF04W1.xlsx,95FF04W1,23.36371168,25.26926263,15.24440762
1092,81,245,562,75,129,LC7701NI_95FF05W1.xlsx,95FF05W1,22.43589744,51.46520147,6.868131868
971,81,179,505,81,125,LC7701NI_95FF06S1.xlsx,95FF06S1,18.4346035,52.00823893,8.341915551
1004,98,163,564,61,118,LC7701NI_95FF06S2.xlsx,95FF06S2,16.23505976,56.1752988,6.075697211
1027,74,385,278,159,131,LC7701NI_95FF07W1.xlsx,95FF07W1,37.48782863,27.0691334,15.48198637
905,85,303,234,166,117,LC7701NI_95FF08W1.xlsx,95FF08W1,33.48066298,25.85635359,18.34254144
977,93,450,198,112,124,LC7701NI_95FF09W1.xlsx,95FF09W1,46.0593654,20.26612078,11.46366428
1656,230,197,819,148,262,LC7701NI_95FF10W1.xlsx,95FF10W1,11.89613527,49.45652174,8.937198068
1215,214,146,416,189,250,LC7701NI_95FF11W1.xlsx,95FF11W1,12.01646091,34.23868313,15.55555556
1253,147,410,313,236,147,LC7701NI_95FF12W1.xlsx,95FF12W1,32.72146848,24.98004789,18.83479649
1213,177,300,362,185,189,LC7701NI_95FF13W1.xlsx,95FF13W1,24.73206925,29.84336356,15.2514427
1129,187,242,436,112,152,LC7701NI_95FF14W1.xlsx,95FF14W1,21.43489814,38.61824624,9.920283437
1077,97,235,423,165,157,LC7701NI_95FF15W1.xlsx,95FF15W1,21.81987001,39.27576602,15.32033426
1029,73,326,308,202,120,LC7701NI_95FF16W1.xlsx,95FF16W1,31.68124393,29.93197279,19.63070943
693,55,275,179,115,69,LC7701NI_95FF17W1.xlsx,95FF17W1,39.68253968,25.82972583,16.59451659
588,37,441,40,18,52,LC7701NI_95GG01S1.xlsx,95GG01S1,75,6.802721088,3.06122449
499,36,389,25,3,46,LC7701NI_95GG01S2.xlsx,95GG01S2,77.95591182,5.01002004,0.601202405
563,49,430,23,9,52,LC7701NI_95GG01S3.xlsx,95GG01S3,76.37655417,4.085257549,1.598579041
441,34,357,12,5,33,LC7701NI_95GG02S1.xlsx,95GG02S1,80.95238095,2.721088435,1.133786848
482,23,398,14,8,39,LC7701NI_95GG02S2.xlsx,95GG02S2,82.57261411,2.904564315,1.659751037
492,33,384,15,5,55,LC7701NI_95GG02S3.xlsx,95GG02S3,78.04878049,3.048780488,1.016260163
981,76,723,86,29,67,LC7701NI_95GG03S1.xlsx,95GG03S1,73.70030581,8.76656473,2.956167176
894,91,628,86,24,65,LC7701NI_95GG03S2.xlsx,95GG03S2,70.24608501,9.619686801,2.684563758
1054,72,769,94,32,87,LC7701NI_95GG03S3.xlsx,95GG03S3,72.9601518,8.918406072,3.036053131
518,31,399,21,11,56,LC7701NI_95GG04S1.xlsx,95GG04S1,77.02702703,4.054054054,2.123552124
419,33,330,19,7,30,LC7701NI_95GG04S2.xlsx,95GG04S2,78.75894988,4.534606205,1.670644391
571,30,452,37,7,45,LC7701NI_95GG04S3.xlsx,95GG04S3,79.15936953,6.479859895,1.22591944
996,85,723,73,32,83,LC7701NI_95GG05S1.xlsx,95GG05S1,72.59036145,7.329317269,3.212851406
1176,108,848,91,41,88,LC7701NI_95GG05S2.xlsx,95GG05S2,72.10884354,7.738095238,3.486394558
1070,76,796,68,37,93,LC7701NI_95GG05S3.xlsx,95GG05S3,74.39252336,6.355140187,3.457943925
681,50,517,48,9,57,LC7701NI_95GG06S1.xlsx,95GG06S1,75.91776799,7.04845815,1.321585903
743,41,559,55,9,79,LC7701NI_95GG06S2.xlsx,95GG06S2,75.23553163,7.402422611,1.211305518
843,42,647,58,16,80,LC7701NI_95GG06S3.xlsx,95GG06S3,76.74970344,6.880189798,1.897983393
693,55,550,25,13,50,LC7701NI_95GG07S1.xlsx,95GG07S1,79.36507937,3.607503608,1.875901876
526,51,417,18,5,35,LC7701NI_95GG07S2.xlsx,95GG07S2,79.27756654,3.422053232,0.950570342
570,37,475,17,9,32,LC7701NI_95GG07S3.xlsx,95GG07S3,83.33333333,2.98245614,1.578947368
550,45,390,53,10,52,LC7701NI_95GG08S1.xlsx,95GG08S1,70.90909091,9.636363636,1.818181818
635,51,453,39,5,87,LC7701NI_95GG08S2.xlsx,95GG08S2,71.33858268,6.141732283,0.787401575
765,55,541,73,23,73,LC7701NI_95GG08S3.xlsx,95GG08S3,70.71895425,9.54248366,3.006535948
917,90,628,91,27,81,LC7701NI_95GG09S1.xlsx,95GG09S1,68.48418757,9.923664122,2.94438386
884,56,648,86,21,73,LC7701NI_95GG09S2.xlsx,95GG09S2,73.30316742,9.728506787,2.375565611
923,52,679,81,27,84,LC7701NI_95GG09S3.xlsx,95GG09S3,73.56446371,8.775731311,2.92524377
786,58,589,46,17,76,LC7701NI_95GG10S1.xlsx,95GG10S1,74.93638677,5.852417303,2.162849873
871,54,656,63,22,76,LC7701NI_95GG10S2.xlsx,95GG10S2,75.31572905,7.233065442,2.525832377
823,43,619,74,25,62,LC7701NI_95GG11S1.xlsx,95GG11S1,75.2126367,8.991494532,3.037667072
774,54,529,70,33,88,LC7701NI_95GG11S2.xlsx,95GG11S2,68.34625323,9.043927649,4.263565891
934,50,707,73,26,78,LC7701NI_95GG11S3.xlsx,95GG11S3,75.69593148,7.815845824,2.78372591
476,42,354,30,14,36,LC7701NI_95GG12S1.xlsx,95GG12S1,74.3697479,6.302521008,2.941176471
436,41,315,33,10,37,LC7701NI_95GG12S2.xlsx,95GG12S2,72.24770642,7.568807339,2.293577982
473,43,353,29,10,38,LC7701NI_95GG12S3.xlsx,95GG12S3,74.63002114,6.131078224,2.114164905
554,41,416,40,12,45,LC7701NI_95GG12S4.xlsx,95GG12S4,75.09025271,7.220216606,2.166064982
714,37,559,50,13,55,LC7701NI_95GG12S5.xlsx,95GG12S5,78.29131653,7.00280112,1.820728291
489,42,356,40,10,41,LC7701NI_95GG13S1.xlsx,95GG13S1,72.80163599,8.1799591,2.044989775
742,51,552,46,17,76,LC7701NI_95GG13S2.xlsx,95GG13S2,74.393531,6.199460916,2.291105121
658,47,469,51,17,74,LC7701NI_95GG13S3.xlsx,95GG13S3,71.27659574,7.750759878,2.583586626
733,46,529,51,34,73,LC7701NI_95GG14S1.xlsx,95GG14S1,72.1691678,6.957708049,4.638472033
710,62,496,61,30,61,LC7701NI_95GG14S2.xlsx,95GG14S2,69.85915493,8.591549296,4.225352113
741,51,557,51,25,57,LC7701NI_95GG14S3.xlsx,95GG14S3,75.16869096,6.882591093,3.373819163
810,77,551,87,30,65,LC7701NI_95GG15S1.xlsx,95GG15S1,68.02469136,10.74074074,3.703703704
1031,86,742,97,22,84,LC7701NI_95GG15S2.xlsx,95GG15S2,71.96896217,9.408341416,2.13385063
783,58,566,70,22,67,LC7701NI_95GG15S3.xlsx,95GG15S3,72.28607918,8.939974457,2.809706258
780,65,611,37,11,56,LC7701NI_95GG16S1.xlsx,95GG16S1,78.33333333,4.743589744,1.41025641
804,62,600,35,29,78,LC7701NI_95GG16S2.xlsx,95GG16S2,74.62686567,4.353233831,3.606965174
643,40,479,44,18,62,LC7701NI_95GG16S3.xlsx,95GG16S3,74.49455677,6.842923795,2.799377916
628,54,475,25,16,58,LC7701NI_95GG17S1.xlsx,95GG17S1,75.63694268,3.98089172,2.547770701
661,41,500,30,17,73,LC7701NI_95GG17S2.xlsx,95GG17S2,75.6429652,4.538577912,2.571860817
541,32,434,25,6,44,LC7701NI_95GG17S3.xlsx,95GG17S3,80.22181146,4.621072089,1.109057301
678,54,554,15,5,50,LC7701NI_95GG18S1.xlsx,95GG18S1,81.71091445,2.212389381,0.737463127
805,54,646,27,15,63,LC7701NI_95GG18S2.xlsx,95GG18S2,80.2484472,3.354037267,1.863354037
433,41,307,19,6,60,LC7701NI_95GG19S1.xlsx,95GG19S1,70.90069284,4.387990762,1.385681293
666,54,511,24,14,63,LC7701NI_95GG19S2.xlsx,95GG19S2,76.72672673,3.603603604,2.102102102
1079,65,816,53,35,110,LC7701NI_95GG20S1.xlsx,95GG20S1,75.62557924,4.911955514,3.243744208
613,37,474,27,17,58,LC7701NI_95GG20S2.xlsx,95GG20S2,77.32463295,4.4045677,2.77324633
343,33,269,7,4,30,LC7701NI_95GG21S1.xlsx,95GG21S1,78.42565598,2.040816327,1.166180758
379,27,303,21,4,24,LC7701NI_95GG21S2.xlsx,95GG21S2,79.94722955,5.540897098,1.055408971
602,59,474,30,8,31,LC7701NI_95GG21S3.xlsx,95GG21S3,78.73754153,4.983388704,1.328903654
663,49,487,34,22,71,LC7701NI_95GG22S1.xlsx,95GG22S1,73.45399698,5.128205128,3.318250377
662,40,512,27,20,63,LC7701NI_95GG22S2.xlsx,95GG22S2,77.34138973,4.078549849,3.021148036
595,47,445,29,16,58,LC7701NI_95GG22S3.xlsx,95GG22S3,74.78991597,4.87394958,2.68907563
648,43,456,64,25,60,LC7701NI_95GG23S1.xlsx,95GG23S1,70.37037037,9.87654321,3.858024691
623,51,432,49,26,65,LC7701NI_95GG23S2.xlsx,95GG23S2,69.34189406,7.865168539,4.173354735
750,53,524,86,21,66,LC7701NI_95GG23S3.xlsx,95GG23S3,69.86666667,11.46666667,2.8
526,31,397,30,13,55,LC7701NI_95GG24S1.xlsx,95GG24S1,75.47528517,5.703422053,2.47148289
649,33,505,30,20,61,LC7701NI_95GG24S2.xlsx,95GG24S2,77.81201849,4.622496148,3.081664099
718,59,530,45,26,58,LC7701NI_95GG24S3.xlsx,95GG24S3,73.81615599,6.267409471,3.621169916
717,55,543,48,15,56,LC7701NI_95GG25S1.xlsx,95GG25S1,75.73221757,6.694560669,2.092050209
695,55,515,42,16,67,LC7701NI_95GG25S2.xlsx,95GG25S2,74.10071942,6.043165468,2.302158273
581,42,440,38,7,54,LC7701NI_95GG25S3.xlsx,95GG25S3,75.73149742,6.540447504,1.204819277
616,45,463,35,10,63,LC7701NI_95GG26S1.xlsx,95GG26S1,75.16233766,5.681818182,1.623376623
580,37,454,29,9,51,LC7701NI_95GG26S2.xlsx,95GG26S2,78.27586207,5,1.551724138
612,54,438,42,10,68,LC7701NI_95GG27S1.xlsx,95GG27S1,71.56862745,6.862745098,1.633986928
523,36,381,42,6,58,LC7701NI_95GG27S2.xlsx,95GG27S2,72.84894837,8.030592734,1.147227533
591,53,426,43,13,56,LC7701NI_95GG27S3.xlsx,95GG27S3,72.08121827,7.275803723,2.199661591
448,38,332,31,7,40,LC7701NI_95GG27S4.xlsx,95GG27S4,74.10714286,6.919642857,1.5625
981,66,726,70,17,102,LC7701NI_95GG28S1.xlsx,95GG28S1,74.00611621,7.135575943,1.732925586
638,63,477,29,10,59,LC7701NI_95GG28S2.xlsx,95GG28S2,74.76489028,4.545454545,1.567398119
591,43,456,29,9,54,LC7701NI_95GG28S3.xlsx,95GG28S3,77.15736041,4.906937394,1.52284264
803,38,598,63,17,87,LC7701NI_95GG29S1.xlsx,95GG29S1,74.47073474,7.845579078,2.117061021
1335,79,989,134,28,105,LC7701NI_95GG29S2.xlsx,95GG29S2,74.082397,10.03745318,2.097378277
645,48,460,61,14,62,LC7701NI_95GG30S1.xlsx,95GG30S1,71.31782946,9.457364341,2.170542636
788,88,530,73,27,70,LC7701NI_95GG30S2.xlsx,95GG30S2,67.25888325,9.263959391,3.426395939
714,39,526,86,18,45,LC7701NI_95GG30S3.xlsx,95GG30S3,73.66946779,12.04481793,2.521008403
980,85,697,87,25,86,LC7701NI_95GG31S1.xlsx,95GG31S1,71.12244898,8.87755102,2.551020408
741,44,543,52,11,91,LC7701NI_95GG31S2.xlsx,95GG31S2,73.27935223,7.01754386,1.484480432
617,40,454,45,12,66,LC7701NI_95GG31S3.xlsx,95GG31S3,73.58184765,7.293354943,1.944894652
1127,86,820,86,15,120,LC7701NI_95GG32S1.xlsx,95GG32S1,72.7595386,7.630878438,1.330967169
548,38,400,33,11,66,LC7701NI_95GG32S2.xlsx,95GG32S2,72.99270073,6.02189781,2.00729927
623,38,481,39,8,57,LC7701NI_95GG32S3.xlsx,95GG32S3,77.2070626,6.260032103,1.284109149
885,95,598,54,54,84,LC7701NI_95GG33S1.xlsx,95GG33S1,67.57062147,6.101694915,6.101694915
703,73,464,50,35,81,LC7701NI_95GG33S2.xlsx,95GG33S2,66.00284495,7.112375533,4.978662873
980,90,683,86,40,81,LC7701NI_95GG33S3.xlsx,95GG33S3,69.69387755,8.775510204,4.081632653
553,46,387,50,20,50,LC7701NI_95GG34S1.xlsx,95GG34S1,69.98191682,9.04159132,3.616636528
711,39,521,57,14,80,LC7701NI_95GG34S2.xlsx,95GG34S2,73.27707454,8.016877637,1.969057665
973,64,701,87,47,74,LC7701NI_95GG34S3.xlsx,95GG34S3,72.04522097,8.941418294,4.830421377
482,39,374,13,6,50,LC7701NI_95GG35S1.xlsx,95GG35S1,77.593361,2.697095436,1.244813278
361,25,279,13,3,41,LC7701NI_95GG35S2.xlsx,95GG35S2,77.28531856,3.601108033,0.831024931
448,51,338,12,10,37,LC7701NI_95GG35S3.xlsx,95GG35S3,75.44642857,2.678571429,2.232142857
918,62,649,91,24,92,LC7701NI_95GG36S1.xlsx,95GG36S1,70.69716776,9.912854031,2.614379085
920,66,662,77,24,91,LC7701NI_95GG36S2.xlsx,95GG36S2,71.95652174,8.369565217,2.608695652
920,49,671,103,22,75,LC7701NI_95GG36S3.xlsx,95GG36S3,72.93478261,11.19565217,2.391304348
1040,114,712,96,40,78,LC7701NI_95GG37S1.xlsx,95GG37S1,68.46153846,9.230769231,3.846153846
957,49,712,92,28,76,LC7701NI_95GG37S2.xlsx,95GG37S2,74.39916405,9.613375131,2.925809822
1307,53,964,121,67,102,LC7701NI_95GG37S3.xlsx,95GG37S3,73.75669472,9.257842387,5.126243305
1697,119,1204,162,98,114,LC7701NI_95GG38S1.xlsx,95GG38S1,70.94873306,9.546258103,5.774896877
929,66,668,63,46,86,LC7701NI_95GG38S2.xlsx,95GG38S2,71.90527449,6.781485468,4.951560818
767,60,542,67,33,65,LC7701NI_95GG38S3.xlsx,95GG38S3,70.66492829,8.735332464,4.302477184
1035,76,784,57,28,90,LC7701NI_95GG39S1.xlsx,95GG39S1,75.74879227,5.507246377,2.70531401
1064,77,801,59,32,95,LC7701NI_95GG39S2.xlsx,95GG39S2,75.28195489,5.545112782,3.007518797
636,49,471,34,19,63,LC7701NI_95GG39S3.xlsx,95GG39S3,74.05660377,5.34591195,2.987421384
451,36,323,19,8,65,LC7701NI_95GG40S1.xlsx,95GG40S1,71.61862528,4.21286031,1.77383592
522,40,392,35,8,47,LC7701NI_95GG40S2.xlsx,95GG40S2,75.09578544,6.704980843,1.53256705
840,84,605,70,25,56,LC7701NI_95GG41S1.xlsx,95GG41S1,72.02380952,8.333333333,2.976190476
611,51,409,65,34,52,LC7701NI_95GG41S2.xlsx,95GG41S2,66.93944354,10.63829787,5.564648118
890,90,603,81,41,75,LC7701NI_95GG41S3.xlsx,95GG41S3,67.75280899,9.101123596,4.606741573
829,70,606,59,35,59,LC7701NI_95GG42S1.xlsx,95GG42S1,73.10012063,7.117008444,4.221954162
208,29,137,13,10,19,LC7701NI_95GG42S2.xlsx,95GG42S2,65.86538462,6.25,4.807692308
700,54,508,50,37,51,LC7701NI_95GG42S3.xlsx,95GG42S3,72.57142857,7.142857143,5.285714286
1181,92,823,103,72,91,LC7701NI_95GG42S4.xlsx,95GG42S4,69.68670618,8.721422523,6.096528366
587,36,431,55,17,48,LC7701NI_95GG43S1.xlsx,95GG43S1,73.4241908,9.36967632,2.896081772
796,43,579,76,25,73,LC7701NI_95GG43S2.xlsx,95GG43S2,72.73869347,9.547738693,3.140703518
855,64,627,85,11,68,LC7701NI_95GG43S3.xlsx,95GG43S3,73.33333333,9.941520468,1.286549708
1099,78,807,79,23,112,LC7701NI_95GG44S1.xlsx,95GG44S1,73.43039126,7.188353048,2.092811647
1026,60,745,101,24,96,LC7701NI_95GG44S2.xlsx,95GG44S2,72.61208577,9.844054581,2.339181287
666,64,461,61,39,41,LC7701NI_95GG45S1.xlsx,95GG45S1,69.21921922,9.159159159,5.855855856
498,32,364,34,18,50,LC7701NI_95GG45S2.xlsx,95GG45S2,73.09236948,6.827309237,3.614457831
693,51,482,75,26,59,LC7701NI_95GG45S3.xlsx,95GG45S3,69.55266955,10.82251082,3.751803752
500,37,377,16,8,62,LC7701NI_95GG46S1.xlsx,95GG46S1,75.4,3.2,1.6
470,34,364,15,10,47,LC7701NI_95GG46S2.xlsx,95GG46S2,77.44680851,3.191489362,2.127659574
401,45,296,13,6,41,LC7701NI_95GG46S3.xlsx,95GG46S3,73.81546135,3.241895262,1.496259352
663,55,507,18,12,71,LC7701NI_95GG47S1.xlsx,95GG47S1,76.47058824,2.714932127,1.809954751
477,44,365,15,10,43,LC7701NI_95GG47S2.xlsx,95GG47S2,76.51991614,3.144654088,2.096436059
614,56,476,20,9,53,LC7701NI_95GG47S3.xlsx,95GG47S3,77.52442997,3.25732899,1.465798046
449,38,356,12,2,41,LC7701NI_95GG48S1.xlsx,95GG48S1,79.28730512,2.672605791,0.445434298
449,36,345,14,4,50,LC7701NI_95GG48S2.xlsx,95GG48S2,76.83741648,3.118040089,0.890868597
432,34,347,13,3,35,LC7701NI_95GG48S3.xlsx,95GG48S3,80.32407407,3.009259259,0.694444444
778,52,566,53,42,65,LC7701NI_95GG49S1.xlsx,95GG49S1,72.75064267,6.812339332,5.398457584
916,55,678,62,51,70,LC7701NI_95GG49S2.xlsx,95GG49S2,74.01746725,6.768558952,5.56768559
715,68,506,61,30,50,LC7701NI_95GG49S3.xlsx,95GG49S3,70.76923077,8.531468531,4.195804196
685,53,479,58,38,57,LC7701NI_95GG49S4.xlsx,95GG49S4,69.9270073,8.467153285,5.547445255
713,24,561,53,23,52,LC7701NI_95GG50S1.xlsx,95GG50S1,78.68162693,7.433380084,3.225806452
753,54,559,50,21,69,LC7701NI_95GG50S2.xlsx,95GG50S2,74.23638778,6.640106242,2.788844622
805,55,594,59,23,74,LC7701NI_95GG50S3.xlsx,95GG50S3,73.78881988,7.329192547,2.857142857
398,23,301,25,11,38,LC7701NI_95GG51S1.xlsx,95GG51S1,75.6281407,6.281407035,2.763819095
403,33,304,20,8,38,LC7701NI_95GG51S2.xlsx,95GG51S2,75.43424318,4.962779156,1.985111663
381,28,281,20,7,45,LC7701NI_95GG51S3.xlsx,95GG51S3,73.75328084,5.249343832,1.837270341
799,51,165,410,72,101,LC7701NI_95HH01W1.xlsx,95HH01W1,20.65081352,51.31414268,9.01126408
630,38,185,328,33,46,LC7701NI_95HH02S1.xlsx,95HH02S1,29.36507937,52.06349206,5.238095238
794,66,190,411,31,96,LC7701NI_95HH02S2.xlsx,95HH02S2,23.92947103,51.76322418,3.904282116
647,57,200,278,36,76,LC7701NI_95HH03W1.xlsx,95HH03W1,30.91190108,42.9675425,5.564142195
842,44,257,425,31,85,LC7701NI_95HH04S1.xlsx,95HH04S1,30.52256532,50.47505938,3.681710214
642,34,186,345,24,53,LC7701NI_95HH04S2.xlsx,95HH04S2,28.97196262,53.73831776,3.738317757
834,52,356,322,35,69,LC7701NI_95HH05W1.xlsx,95HH05W1,42.68585132,38.60911271,4.196642686
1159,95,270,606,47,141,LC7701NI_95HH06S1.xlsx,95HH06S1,23.29594478,52.28645384,4.055220017
1186,81,317,612,52,124,LC7701NI_95HH06S2.xlsx,95HH06S2,26.72849916,51.60202361,4.384485666
597,27,287,197,21,65,LC7701NI_95HH07W1.xlsx,95HH07W1,48.07370184,32.99832496,3.51758794
1203,80,426,522,52,123,LC7701NI_95HH08W1.xlsx,95HH08W1,35.41147132,43.3915212,4.322527016
1034,88,378,422,38,108,LC7701NI_95HH09W1.xlsx,95HH09W1,36.55705996,40.81237911,3.675048356
1143,86,365,557,49,86,LC7701NI_95HH10W1.xlsx,95HH10W1,31.93350831,48.73140857,4.286964129
514,39,227,191,16,41,LC7701NI_95HH11W1.xlsx,95HH11W1,44.16342412,37.15953307,3.112840467
678,44,242,306,27,59,LC7701NI_95HH12W1.xlsx,95HH12W1,35.69321534,45.13274336,3.982300885
510,26,239,186,11,48,LC7701NI_95HH13W1.xlsx,95HH13W1,46.8627451,36.47058824,2.156862745
523,27,213,204,28,51,LC7701NI_95HH14W1.xlsx,95HH14W1,40.72657744,39.00573614,5.353728489
1168,66,418,536,44,104,LC7701NI_95HH15W1.xlsx,95HH15W1,35.78767123,45.89041096,3.767123288
903,95,196,456,65,91,LC7701NI_95HH16W1.xlsx,95HH16W1,21.70542636,50.49833887,7.198228128
1166,90,369,511,68,128,LC7701NI_95HH17W1.xlsx,95HH17W1,31.64665523,43.82504288,5.831903945
708,70,466,83,23,66,LC7701NI_95II01S1.xlsx,95II01S1,65.81920904,11.72316384,3.248587571
718,75,474,79,24,66,LC7701NI_95II01S2.xlsx,95II01S2,66.01671309,11.00278552,3.342618384
736,62,527,79,27,41,LC7701NI_95II02S1.xlsx,95II02S1,71.60326087,10.73369565,3.668478261
746,52,547,68,29,50,LC7701NI_95II02S2.xlsx,95II02S2,73.32439678,9.115281501,3.887399464
606,38,423,56,33,56,LC7701NI_95II02S3.xlsx,95II02S3,69.8019802,9.240924092,5.445544554
888,45,648,91,29,75,LC7701NI_95II03S1.xlsx,95II03S1,72.97297297,10.24774775,3.265765766
923,57,657,96,34,79,LC7701NI_95II03S2.xlsx,95II03S2,71.18093174,10.40086674,3.683640303
1186,86,723,231,35,111,LC7701NI_95II04S1.xlsx,95II04S1,60.96121417,19.4772344,2.951096121
839,51,570,131,16,71,LC7701NI_95II04S2.xlsx,95II04S2,67.93802145,15.61382598,1.907032181
706,64,427,111,35,69,LC7701NI_95II05S1.xlsx,95II05S1,60.4815864,15.7223796,4.957507082
833,51,460,203,24,95,LC7701NI_95II05S2.xlsx,95II05S2,55.22208884,24.3697479,2.881152461
724,65,356,209,30,64,LC7701NI_95II06S1.xlsx,95II06S1,49.17127072,28.86740331,4.143646409
925,64,472,256,33,100,LC7701NI_95II06S2.xlsx,95II06S2,51.02702703,27.67567568,3.567567568
766,51,540,74,14,87,LC7701NI_95II07W1.xlsx,95II07W1,70.49608355,9.660574413,1.82767624
1107,76,782,117,20,112,LC7701NI_95II08W1.xlsx,95II08W1,70.64137308,10.56910569,1.806684734
942,61,646,114,30,91,LC7701NI_95II09S1.xlsx,95II09S1,68.57749469,12.10191083,3.184713376
690,50,471,92,17,60,LC7701NI_95II09S2.xlsx,95II09S2,68.26086957,13.33333333,2.463768116
1040,59,716,137,21,107,LC7701NI_95II10W1.xlsx,95II10W1,68.84615385,13.17307692,2.019230769
1248,100,883,120,41,104,LC7701NI_95II11W1.xlsx,95II11W1,70.75320513,9.615384615,3.28525641
1077,76,780,98,33,90,LC7701NI_95II12W1.xlsx,95II12W1,72.42339833,9.099350046,3.064066852
1133,91,781,131,18,112,LC7701NI_95II13W1.xlsx,95II13W1,68.93203883,11.56222418,1.58870256
1162,91,830,105,30,106,LC7701NI_95II14W1.xlsx,95II14W1,71.42857143,9.036144578,2.581755594
964,69,653,112,44,86,LC7701NI_95II15S1.xlsx,95II15S1,67.73858921,11.61825726,4.564315353
632,40,443,80,29,40,LC7701NI_95II15S2.xlsx,95II15S2,70.09493671,12.65822785,4.588607595
874,56,626,87,21,84,LC7701NI_95II16W1.xlsx,95II16W1,71.62471396,9.95423341,2.402745995
1069,79,742,99,33,116,LC7701NI_95II17W1.xlsx,95II17W1,69.41066417,9.260991581,3.086997194
888,47,646,82,16,97,LC7701NI_95II18W1.xlsx,95II18W1,72.74774775,9.234234234,1.801801802
852,150,359,216,32,95,LC7701NI_95II19S1.xlsx,95II19S1,42.13615023,25.35211268,3.755868545
916,91,520,177,26,102,LC7701NI_95II19S2.xlsx,95II19S2,56.76855895,19.3231441,2.838427948
1322,92,959,127,35,109,LC7701NI_95II20W1.xlsx,95II20W1,72.54160363,9.606656581,2.647503782
951,66,676,81,18,110,LC7701NI_95II21W1.xlsx,95II21W1,71.08307045,8.517350158,1.892744479
984,69,671,95,25,124,LC7701NI_95II22W1.xlsx,95II22W1,68.19105691,9.654471545,2.540650407
978,77,677,98,44,82,LC7701NI_95II23W1.xlsx,95II23W1,69.22290389,10.0204499,4.498977505
1150,210,293,336,140,171,LC7701NI_95JJ01W1.xlsx,95JJ01W1,25.47826087,29.2173913,12.17391304
890,92,454,101,169,74,LC7701NI_95JJ02W1.xlsx,95JJ02W1,51.01123596,11.34831461,18.98876404
429,31,255,43,53,47,LC7701NI_95JJ03S1.xlsx,95JJ03S1,59.44055944,10.02331002,12.35431235
416,29,256,41,51,39,LC7701NI_95JJ03S2.xlsx,95JJ03S2,61.53846154,9.855769231,12.25961538
616,71,231,128,90,96,LC7701NI_95JJ04S1.xlsx,95JJ04S1,37.5,20.77922078,14.61038961
620,59,250,95,127,89,LC7701NI_95JJ04S2.xlsx,95JJ04S2,40.32258065,15.32258065,20.48387097
635,48,391,57,74,65,LC7701NI_95JJ05W1.xlsx,95JJ05W1,61.57480315,8.976377953,11.65354331
856,62,507,84,123,80,LC7701NI_95JJ06W1.xlsx,95JJ06W1,59.22897196,9.813084112,14.36915888
950,88,586,92,111,73,LC7701NI_95JJ07W1.xlsx,95JJ07W1,61.68421053,9.684210526,11.68421053
581,101,281,41,69,89,LC7701NI_95JJ08S1.xlsx,95JJ08S1,48.36488812,7.056798623,11.87607573
660,94,297,71,129,69,LC7701NI_95JJ08S2.xlsx,95JJ08S2,45,10.75757576,19.54545455
826,168,272,151,126,109,LC7701NI_95JJ09W1.xlsx,95JJ09W1,32.92978208,18.28087167,15.25423729
1079,159,202,379,153,186,LC7701NI_95JJ10W1.xlsx,95JJ10W1,18.721038,35.12511585,14.17979611
696,74,398,55,115,54,LC7701NI_95JJ11S1.xlsx,95JJ11S1,57.18390805,7.902298851,16.52298851
796,74,408,80,142,92,LC7701NI_95JJ11S2.xlsx,95JJ11S2,51.25628141,10.05025126,17.83919598
1081,144,250,351,154,182,LC7701NI_95JJ12W1.xlsx,95JJ12W1,23.12673451,32.46993525,14.24606846
997,90,554,74,171,108,LC7701NI_95JJ13S1.xlsx,95JJ13S1,55.5667001,7.4222668,17.15145436
820,69,480,75,123,73,LC7701NI_95JJ13S2.xlsx,95JJ13S2,58.53658537,9.146341463,15
993,174,416,142,139,122,LC7701NI_95JJ14W1.xlsx,95JJ14W1,41.89325277,14.3001007,13.9979859
745,78,431,86,98,52,LC7701NI_95JJ15W1.xlsx,95JJ15W1,57.85234899,11.54362416,13.15436242
643,78,323,45,121,76,LC7701NI_95JJ16W1.xlsx,95JJ16W1,50.23328149,6.99844479,18.81804044
1011,194,186,317,147,167,LC7701NI_95JJ17W1.xlsx,95JJ17W1,18.39762611,31.35509397,14.54005935
786,91,409,61,147,78,LC7701NI_95JJ18W1.xlsx,95JJ18W1,52.03562341,7.760814249,18.70229008
571,73,292,43,121,42,LC7701NI_95JJ19S1.xlsx,95JJ19S1,51.13835377,7.530647986,21.19089317
354,32,184,32,68,38,LC7701NI_95JJ19S2.xlsx,95JJ19S2,51.97740113,9.039548023,19.20903955
998,84,518,145,158,93,LC7701NI_95JJ20S1.xlsx,95JJ20S1,51.90380762,14.52905812,15.83166333
825,67,459,81,137,81,LC7701NI_95JJ20S2.xlsx,95JJ20S2,55.63636364,9.818181818,16.60606061
792,62,478,77,87,88,LC7701NI_95JJ21W1.xlsx,95JJ21W1,60.35353535,9.722222222,10.98484848
1161,109,609,146,197,100,LC7701NI_95JJ22W1.xlsx,95JJ22W1,52.45478036,12.57536606,16.96813092
910,138,107,350,109,206,LC7701NI_95KK01W1.xlsx,95KK01W1,11.75824176,38.46153846,11.97802198
856,133,310,144,119,150,LC7701NI_95KK02W1.xlsx,95KK02W1,36.21495327,16.82242991,13.90186916
922,173,147,294,105,203,LC7701NI_95KK03W1.xlsx,95KK03W1,15.94360087,31.88720174,11.38828633
1098,107,535,173,151,132,LC7701NI_95KK04W1.xlsx,95KK04W1,48.72495446,15.75591985,13.75227687
1015,179,159,393,120,164,LC7701NI_95KK05W1.xlsx,95KK05W1,15.66502463,38.71921182,11.8226601
743,71,412,122,68,70,LC7701NI_95KK06W1.xlsx,95KK06W1,55.45087483,16.41991925,9.152086137
889,164,337,153,104,131,LC7701NI_95KK07W1.xlsx,95KK07W1,37.90776153,17.21034871,11.69853768
1095,111,430,195,186,173,LC7701NI_95KK08W1.xlsx,95KK08W1,39.26940639,17.80821918,16.98630137
905,103,489,121,107,85,LC7701NI_95KK09W1.xlsx,95KK09W1,54.03314917,13.37016575,11.82320442
945,161,355,158,116,155,LC7701NI_95KK10W1.xlsx,95KK10W1,37.56613757,16.71957672,12.27513228
928,70,525,125,111,97,LC7701NI_95KK11W1.xlsx,95KK11W1,56.57327586,13.46982759,11.9612069
908,129,171,335,123,150,LC7701NI_95KK12W1.xlsx,95KK12W1,18.83259912,36.89427313,13.54625551
716,141,270,111,85,109,LC7701NI_95KK13W1.xlsx,95KK13W1,37.70949721,15.5027933,11.87150838
791,142,287,157,112,93,LC7701NI_95KK14W1.xlsx,95KK14W1,36.28318584,19.8482933,14.15929204
1258,203,340,317,192,206,LC7701NI_95KK15W1.xlsx,95KK15W1,27.02702703,25.19872814,15.26232114
883,82,429,120,145,107,LC7701NI_95KK16W1.xlsx,95KK16W1,48.58437146,13.59003398,16.42129105
1071,133,283,417,73,165,LC7701NI_95LL01S1.xlsx,95LL01S1,26.42390289,38.93557423,6.816059757
1095,95,421,324,114,141,LC7701NI_95LL01S2.xlsx,95LL01S2,38.44748858,29.5890411,10.4109589
765,74,404,106,101,80,LC7701NI_95LL02S1.xlsx,95LL02S1,52.81045752,13.85620915,13.20261438
569,50,365,62,56,36,LC7701NI_95LL02S2.xlsx,95LL02S2,64.14762742,10.89630931,9.841827768
911,87,525,127,81,91,LC7701NI_95LL03W1.xlsx,95LL03W1,57.62897914,13.94072448,8.891328211
1143,100,656,147,127,113,LC7701NI_95LL04W1.xlsx,95LL04W1,57.3928259,12.86089239,11.11111111
1146,108,600,171,154,113,LC7701NI_95LL05S1.xlsx,95LL05S1,52.35602094,14.92146597,13.43804538
747,87,349,111,91,109,LC7701NI_95LL05S2.xlsx,95LL05S2,46.72021419,14.85943775,12.18206158
683,61,359,120,70,73,LC7701NI_95LL06S1.xlsx,95LL06S1,52.56222548,17.56954612,10.2489019
704,56,426,90,63,69,LC7701NI_95LL06S2.xlsx,95LL06S2,60.51136364,12.78409091,8.948863636
710,43,428,109,65,65,LC7701NI_95LL07W1.xlsx,95LL07W1,60.28169014,15.35211268,9.154929577
590,51,366,66,44,63,LC7701NI_95LL08S1.xlsx,95LL08S1,62.03389831,11.18644068,7.457627119
649,52,391,78,66,62,LC7701NI_95LL08S2.xlsx,95LL08S2,60.24653313,12.01848998,10.16949153
477,44,310,55,32,36,LC7701NI_95LL09S1.xlsx,95LL09S1,64.98951782,11.53039832,6.708595388
480,41,291,53,51,44,LC7701NI_95LL09S2.xlsx,95LL09S2,60.625,11.04166667,10.625
1358,92,743,151,229,143,LC7701NI_95LL10S1.xlsx,95LL10S1,54.71281296,11.11929308,16.86303387
1058,115,467,165,167,144,LC7701NI_95LL10S2.xlsx,95LL10S2,44.13988658,15.59546314,15.78449905
710,98,235,213,90,74,LC7701NI_95LL11S1.xlsx,95LL11S1,33.09859155,30,12.67605634
1160,122,322,441,124,151,LC7701NI_95LL11S2.xlsx,95LL11S2,27.75862069,38.01724138,10.68965517
1086,77,644,122,135,108,LC7701NI_95LL12S1.xlsx,95LL12S1,59.30018416,11.23388582,12.43093923
320,26,204,33,31,26,LC7701NI_95LL12S2.xlsx,95LL12S2,63.75,10.3125,9.6875
555,42,330,62,69,52,LC7701NI_95LL13S1.xlsx,95LL13S1,59.45945946,11.17117117,12.43243243
441,32,282,48,42,37,LC7701NI_95LL13S2.xlsx,95LL13S2,63.94557823,10.88435374,9.523809524
338,28,205,54,19,32,LC7701NI_95LL14S1.xlsx,95LL14S1,60.65088757,15.97633136,5.621301775
495,31,282,93,37,52,LC7701NI_95LL14S2.xlsx,95LL14S2,56.96969697,18.78787879,7.474747475
528,49,291,66,71,51,LC7701NI_95LL15S1.xlsx,95LL15S1,55.11363636,12.5,13.4469697
693,50,414,106,64,59,LC7701NI_95LL15S2.xlsx,95LL15S2,59.74025974,15.2958153,9.235209235
1253,112,655,193,206,87,LC7701NI_95LL16S1.xlsx,95LL16S1,52.2745411,15.40303272,16.4405427
1674,148,928,237,221,140,LC7701NI_95LL16S2.xlsx,95LL16S2,55.43608124,14.15770609,13.20191159
1031,85,638,115,103,90,LC7701NI_95LL17W1.xlsx,95LL17W1,61.88166828,11.1542192,9.990300679
827,56,396,174,124,77,LC7701NI_95LL18S1.xlsx,95LL18S1,47.88391778,21.03990326,14.99395405
611,39,317,137,58,60,LC7701NI_95LL18S2.xlsx,95LL18S2,51.88216039,22.42225859,9.492635025
1040,86,385,341,101,127,LC7701NI_95LL19S1.xlsx,95LL19S1,37.01923077,32.78846154,9.711538462
1325,112,364,603,94,152,LC7701NI_95LL19S2.xlsx,95LL19S2,27.47169811,45.50943396,7.094339623
905,63,525,132,74,111,LC7701NI_95LL20W1.xlsx,95LL20W1,58.01104972,14.58563536,8.17679558
1610,123,794,386,143,164,LC7701NI_95LL21W1.xlsx,95LL21W1,49.31677019,23.97515528,8.881987578
1484,129,921,132,173,129,LC7701NI_95LL22W1.xlsx,95LL22W1,62.06199461,8.894878706,11.65768194
792,55,482,97,85,73,LC7701NI_95LL23W1.xlsx,95LL23W1,60.85858586,12.24747475,10.73232323
1016,173,387,200,158,98,LC7701NI_95LL24S1.xlsx,95LL24S1,38.09055118,19.68503937,15.5511811
775,104,153,293,115,110,LC7701NI_95LL24S2.xlsx,95LL24S2,19.74193548,37.80645161,14.83870968
1244,128,519,266,175,156,LC7701NI_95LL25S1.xlsx,95LL25S1,41.72025723,21.38263666,14.06752412
968,62,415,265,124,102,LC7701NI_95LL25S2.xlsx,95LL25S2,42.87190083,27.37603306,12.80991736
558,49,299,80,79,51,LC7701NI_95LL26S1.xlsx,95LL26S1,53.58422939,14.33691756,14.15770609
982,77,474,194,147,90,LC7701NI_95LL26S2.xlsx,95LL26S2,48.2688391,19.75560081,14.9694501
433,39,290,17,34,53,LC7701NI_95MM01S1.xlsx,95MM01S1,66.97459584,3.926096998,7.852193995
803,74,554,30,61,84,LC7701NI_95MM01S2.xlsx,95MM01S2,68.99128269,3.735990037,7.596513076
712,56,461,45,76,74,LC7701NI_95MM01S3.xlsx,95MM01S3,64.74719101,6.320224719,10.6741573
584,57,391,20,39,77,LC7701NI_95MM02S1.xlsx,95MM02S1,66.95205479,3.424657534,6.678082192
741,63,510,24,56,88,LC7701NI_95MM02S2.xlsx,95MM02S2,68.82591093,3.238866397,7.557354926
1403,186,168,604,151,294,LC7701NI_95MM03W1.xlsx,95MM03W1,11.9743407,43.05060584,10.76265146
655,63,446,17,45,84,LC7701NI_95MM04W1.xlsx,95MM04W1,68.09160305,2.595419847,6.870229008
561,64,375,14,35,73,LC7701NI_95MM05W1.xlsx,95MM05W1,66.84491979,2.495543672,6.23885918
458,38,311,23,30,56,LC7701NI_95MM06S1.xlsx,95MM06S1,67.90393013,5.021834061,6.550218341
329,33,230,7,25,34,LC7701NI_95MM06S2.xlsx,95MM06S2,69.90881459,2.127659574,7.598784195
912,95,634,36,62,85,LC7701NI_95MM07W1.xlsx,95MM07W1,69.51754386,3.947368421,6.798245614
367,44,246,18,17,42,LC7701NI_95MM08S1.xlsx,95MM08S1,67.02997275,4.904632153,4.632152589
697,47,477,35,60,78,LC7701NI_95MM08S2.xlsx,95MM08S2,68.43615495,5.021520803,8.608321377
589,59,92,279,49,110,LC7701NI_95MM09S1.xlsx,95MM09S1,15.6196944,47.36842105,8.319185059
732,114,252,198,47,121,LC7701NI_95MM09S2.xlsx,95MM09S2,34.42622951,27.04918033,6.420765027
248,13,177,12,12,34,LC7701NI_95MM10S1.xlsx,95MM10S1,71.37096774,4.838709677,4.838709677
388,32,272,14,23,47,LC7701NI_95MM10S2.xlsx,95MM10S2,70.10309278,3.608247423,5.927835052
516,55,357,20,28,56,LC7701NI_95MM11W1.xlsx,95MM11W1,69.18604651,3.875968992,5.426356589
722,96,470,31,42,83,LC7701NI_95MM12S1.xlsx,95MM12S1,65.09695291,4.293628809,5.817174515
265,25,185,12,15,28,LC7701NI_95MM12S2.xlsx,95MM12S2,69.81132075,4.528301887,5.660377358
814,66,561,38,37,112,LC7701NI_95MM12S3.xlsx,95MM12S3,68.91891892,4.668304668,4.545454545
494,47,340,10,26,71,LC7701NI_95MM13S1.xlsx,95MM13S1,68.82591093,2.024291498,5.263157895
274,22,205,5,9,33,LC7701NI_95MM13S2.xlsx,95MM13S2,74.81751825,1.824817518,3.284671533
464,50,299,13,23,79,LC7701NI_95MM13S3.xlsx,95MM13S3,64.43965517,2.801724138,4.956896552
786,57,561,25,45,98,LC7701NI_95MM13S4.xlsx,95MM13S4,71.3740458,3.180661578,5.72519084
1003,66,707,22,68,140,LC7701NI_95MM13S5.xlsx,95MM13S5,70.4885344,2.193419741,6.779661017
264,20,181,10,18,35,LC7701NI_95MM14S1.xlsx,95MM14S1,68.56060606,3.787878788,6.818181818
533,40,382,28,40,43,LC7701NI_95MM14S2.xlsx,95MM14S2,71.66979362,5.253283302,7.504690432
680,83,365,76,45,111,LC7701NI_95MM15S1.xlsx,95MM15S1,53.67647059,11.17647059,6.617647059
1084,80,616,166,86,136,LC7701NI_95MM15S2.xlsx,95MM15S2,56.82656827,15.31365314,7.933579336
901,98,603,29,65,106,LC7701NI_95MM16S1.xlsx,95MM16S1,66.92563818,3.218645949,7.214206437
1414,130,920,67,118,179,LC7701NI_95MM16S2.xlsx,95MM16S2,65.06364922,4.738330976,8.345120226
875,85,604,28,42,116,LC7701NI_95MM17S1.xlsx,95MM17S1,69.02857143,3.2,4.8
615,45,447,18,38,67,LC7701NI_95MM17S2.xlsx,95MM17S2,72.68292683,2.926829268,6.178861789
895,89,540,82,52,132,LC7701NI_95MM18S1.xlsx,95MM18S1,60.33519553,9.162011173,5.810055866
1239,119,812,65,87,156,LC7701NI_95MM18S2.xlsx,95MM18S2,65.53672316,5.246166263,7.021791768
694,45,491,30,52,76,LC7701NI_95MM19S1.xlsx,95MM19S1,70.74927954,4.322766571,7.492795389
689,49,485,29,55,71,LC7701NI_95MM19S2.xlsx,95MM19S2,70.39187228,4.208998549,7.982583454
542,43,359,32,43,65,LC7701NI_95MM20S1.xlsx,95MM20S1,66.23616236,5.904059041,7.933579336
658,54,474,16,41,73,LC7701NI_95MM20S2.xlsx,95MM20S2,72.03647416,2.431610942,6.23100304
652,34,413,79,57,69,LC7701NI_95MM21S1.xlsx,95MM21S1,63.34355828,12.11656442,8.742331288
773,80,493,45,58,97,LC7701NI_95MM21S2.xlsx,95MM21S2,63.7774903,5.821474774,7.503234153
423,26,296,14,27,60,LC7701NI_95MM22S1.xlsx,95MM22S1,69.97635934,3.309692671,6.382978723
471,31,348,10,35,47,LC7701NI_95MM22S2.xlsx,95MM22S2,73.88535032,2.123142251,7.430997877
814,90,572,14,53,85,LC7701NI_95MM23W1.xlsx,95MM23W1,70.27027027,1.71990172,6.511056511
577,68,408,12,26,63,LC7701NI_95MM24W1.xlsx,95MM24W1,70.71057192,2.079722704,4.506065858
318,22,255,5,11,25,LC7701NI_95MM25S1.xlsx,95MM25S1,80.18867925,1.572327044,3.459119497
364,22,273,6,21,42,LC7701NI_95MM25S2.xlsx,95MM25S2,75,1.648351648,5.769230769
427,50,280,11,17,69,LC7701NI_95MM25S3.xlsx,95MM25S3,65.57377049,2.576112412,3.981264637
760,61,522,31,55,91,LC7701NI_95MM25S4.xlsx,95MM25S4,68.68421053,4.078947368,7.236842105
554,49,389,14,46,56,LC7701NI_95MM26S1.xlsx,95MM26S1,70.2166065,2.527075812,8.303249097
589,42,416,14,37,80,LC7701NI_95MM26S2.xlsx,95MM26S2,70.62818336,2.376910017,6.281833616
519,65,336,6,54,58,LC7701NI_95MM27S1.xlsx,95MM27S1,64.73988439,1.156069364,10.40462428
483,27,348,10,48,50,LC7701NI_95MM27S2.xlsx,95MM27S2,72.04968944,2.070393375,9.937888199
685,50,475,21,53,86,LC7701NI_95MM28W1.xlsx,95MM28W1,69.34306569,3.065693431,7.737226277
1235,117,858,39,91,130,LC7701NI_95MM29W1.xlsx,95MM29W1,69.47368421,3.157894737,7.368421053
558,76,349,13,47,73,LC7701NI_95MM30W1.xlsx,95MM30W1,62.54480287,2.329749104,8.422939068
520,60,148,89,147,76,LC7701NI_95NN01S1.xlsx,95NN01S1,28.46153846,17.11538462,28.26923077
686,104,208,93,172,109,LC7701NI_95NN01S2.xlsx,95NN01S2,30.32069971,13.55685131,25.0728863
955,62,387,130,270,106,LC7701NI_95NN02W1.xlsx,95NN02W1,40.52356021,13.61256545,28.27225131
590,51,148,273,34,84,LC7701NI_95NN03S1.xlsx,95NN03S1,25.08474576,46.27118644,5.762711864
619,49,165,279,29,97,LC7701NI_95NN03S2.xlsx,95NN03S2,26.65589661,45.0726979,4.684975767
971,74,408,102,256,131,LC7701NI_95NN04W1.xlsx,95NN04W1,42.01853759,10.5046344,26.36457261
1044,89,286,457,46,166,LC7701NI_95NN05W1.xlsx,95NN05W1,27.39463602,43.77394636,4.406130268
393,47,144,76,65,61,LC7701NI_95NN06S1.xlsx,95NN06S1,36.64122137,19.33842239,16.5394402
954,112,256,210,207,169,LC7701NI_95NN06S2.xlsx,95NN06S2,26.83438155,22.01257862,21.69811321
676,50,339,63,140,84,LC7701NI_95NN07S1.xlsx,95NN07S1,50.14792899,9.319526627,20.71005917
582,66,257,72,112,75,LC7701NI_95NN07S2.xlsx,95NN07S2,44.1580756,12.37113402,19.24398625
691,95,186,284,28,98,LC7701NI_95NN08S1.xlsx,95NN08S1,26.91751085,41.09985528,4.052098408
802,112,215,316,54,105,LC7701NI_95NN08S2.xlsx,95NN08S2,26.80798005,39.40149626,6.733167082
840,126,109,459,33,113,LC7701NI_95NN09S1.xlsx,95NN09S1,12.97619048,54.64285714,3.928571429
582,103,110,245,35,89,LC7701NI_95NN09S2.xlsx,95NN09S2,18.90034364,42.09621993,6.013745704
516,61,159,104,124,68,LC7701NI_95NN10S1.xlsx,95NN10S1,30.81395349,20.15503876,24.03100775
700,63,224,146,178,89,LC7701NI_95NN10S2.xlsx,95NN10S2,32,20.85714286,25.42857143
757,87,194,304,47,125,LC7701NI_95NN11S1.xlsx,95NN11S1,25.62747688,40.15852048,6.208718626
948,122,221,355,67,183,LC7701NI_95NN11S2.xlsx,95NN11S2,23.31223629,37.44725738,7.067510549
1174,145,309,230,298,192,LC7701NI_95NN12W1.xlsx,95NN12W1,26.32027257,19.5911414,25.38330494
1358,185,233,603,103,234,LC7701NI_95NN13W1.xlsx,95NN13W1,17.15758468,44.40353461,7.584683358
689,93,221,83,194,98,LC7701NI_95NN14S1.xlsx,95NN14S1,32.0754717,12.04644412,28.15674891
808,110,356,54,166,122,LC7701NI_95NN14S2.xlsx,95NN14S2,44.05940594,6.683168317,20.54455446
1196,98,351,482,88,177,LC7701NI_95NN15W1.xlsx,95NN15W1,29.34782609,40.30100334,7.357859532
711,107,117,350,32,105,LC7701NI_95NN16S1.xlsx,95NN16S1,16.4556962,49.22644163,4.500703235
778,107,154,332,56,129,LC7701NI_95NN16S2.xlsx,95NN16S2,19.79434447,42.67352185,7.197943445
805,110,292,108,170,125,LC7701NI_95NN17W1.xlsx,95NN17W1,36.27329193,13.41614907,21.11801242
422,37,190,62,86,47,LC7701NI_95NN18S1.xlsx,95NN18S1,45.02369668,14.69194313,20.37914692
612,63,228,73,172,76,LC7701NI_95NN18S2.xlsx,95NN18S2,37.25490196,11.92810458,28.10457516
764,57,149,429,43,86,LC7701NI_95NN19S1.xlsx,95NN19S1,19.5026178,56.15183246,5.628272251
817,107,126,461,43,80,LC7701NI_95NN19S2.xlsx,95NN19S2,15.42227662,56.42594859,5.263157895
1332,214,326,309,240,243,LC7701NI_95NN20W1.xlsx,95NN20W1,24.47447447,23.1981982,18.01801802
980,95,351,195,197,142,LC7701NI_95NN21W1.xlsx,95NN21W1,35.81632653,19.89795918,20.10204082
1161,184,258,234,289,196,LC7701NI_95NN22W1.xlsx,95NN22W1,22.22222222,20.15503876,24.89233419
634,90,130,138,110,166,LC7701NI_95NN23S1.xlsx,95NN23S1,20.50473186,21.76656151,17.35015773
746,87,208,136,181,134,LC7701NI_95NN23S2.xlsx,95NN23S2,27.88203753,18.230563,24.26273458
989,204,248,220,132,185,LC7701NI_95OO01W1.xlsx,95OO01W1,25.07583418,22.24469161,13.34681496
1028,189,209,282,167,181,LC7701NI_95OO02W1.xlsx,95OO02W1,20.3307393,27.43190661,16.24513619
1139,192,220,349,165,213,LC7701NI_95OO03W1.xlsx,95OO03W1,19.31518876,30.64091308,14.48639157
998,204,193,290,147,164,LC7701NI_95OO04W1.xlsx,95OO04W1,19.33867735,29.05811623,14.72945892
1072,122,599,136,120,95,LC7701NI_95OO05W1.xlsx,95OO05W1,55.87686567,12.68656716,11.19402985
1306,223,456,260,131,236,LC7701NI_95OO06W1.xlsx,95OO06W1,34.91577335,19.90811639,10.03062787
1147,220,252,329,147,199,LC7701NI_95OO07W1.xlsx,95OO07W1,21.97035745,28.68352223,12.81604185
1154,183,460,192,146,173,LC7701NI_95OO08W1.xlsx,95OO08W1,39.86135182,16.63778163,12.65164645
952,174,174,237,179,188,LC7701NI_95OO09W1.xlsx,95OO09W1,18.27731092,24.89495798,18.80252101
1229,170,506,210,155,188,LC7701NI_95OO10W1.xlsx,95OO10W1,41.1716843,17.08706265,12.61187958
783,74,392,119,75,123,LC7701NI_95OO11W1.xlsx,95OO11W1,50.06385696,15.19795658,9.578544061
1068,120,506,152,133,157,LC7701NI_95OO12W1.xlsx,95OO12W1,47.37827715,14.23220974,12.45318352
1300,163,691,157,152,137,LC7701NI_95OO13W1.xlsx,95OO13W1,53.15384615,12.07692308,11.69230769
1091,187,419,166,157,162,LC7701NI_95OO14W1.xlsx,95OO14W1,38.40513291,15.21539872,14.39046746
828,109,435,95,81,108,LC7701NI_95OO15W1.xlsx,95OO15W1,52.53623188,11.47342995,9.782608696
910,139,245,241,163,122,LC7701NI_95OO16W1.xlsx,95OO16W1,26.92307692,26.48351648,17.91208791
1228,156,446,317,150,159,LC7701NI_95OO17W1.xlsx,95OO17W1,36.31921824,25.81433225,12.21498371
1309,152,686,164,148,159,LC7701NI_95OO18W1.xlsx,95OO18W1,52.40641711,12.52864782,11.30634072
1326,191,536,222,198,179,LC7701NI_95OO19W1.xlsx,95OO19W1,40.42232278,16.74208145,14.9321267
914,102,479,126,96,111,LC7701NI_95OO20W1.xlsx,95OO20W1,52.40700219,13.78555799,10.50328228
920,82,477,106,146,109,LC7701NI_95OO21W1.xlsx,95OO21W1,51.84782609,11.52173913,15.86956522
1239,209,365,279,150,236,LC7701NI_95OO22W1.xlsx,95OO22W1,29.45924132,22.51815981,12.10653753
1161,147,559,187,100,168,LC7701NI_95PP01W1.xlsx,95PP01W1,48.14814815,16.10680448,8.613264427
1018,181,117,217,189,314,LC7701NI_95PP02W1.xlsx,95PP02W1,11.49312377,21.31630648,18.56581532
1011,169,195,180,186,281,LC7701NI_95PP03W1.xlsx,95PP03W1,19.28783383,17.8041543,18.39762611
1411,226,506,246,134,299,LC7701NI_95PP04W1.xlsx,95PP04W1,35.86109142,17.43444366,9.496810773
1044,221,193,342,88,200,LC7701NI_95PP05W1.xlsx,95PP05W1,18.48659004,32.75862069,8.429118774
848,61,530,88,75,94,LC7701NI_95PP06S1.xlsx,95PP06S1,62.5,10.37735849,8.844339623
891,107,528,75,79,102,LC7701NI_95PP06S2.xlsx,95PP06S2,59.25925926,8.417508418,8.8664422
1215,192,258,382,153,230,LC7701NI_95PP07W1.xlsx,95PP07W1,21.2345679,31.44032922,12.59259259
1236,201,306,318,126,285,LC7701NI_95PP08W1.xlsx,95PP08W1,24.75728155,25.72815534,10.19417476
560,50,345,59,38,68,LC7701NI_95PP09W1.xlsx,95PP09W1,61.60714286,10.53571429,6.785714286
974,161,223,327,69,194,LC7701NI_95PP10W1.xlsx,95PP10W1,22.89527721,33.57289528,7.084188912
985,92,601,101,79,112,LC7701NI_95PP11W1.xlsx,95PP11W1,61.01522843,10.25380711,8.020304569
1116,190,212,413,80,221,LC7701NI_95PP12W1.xlsx,95PP12W1,18.99641577,37.00716846,7.168458781
959,103,277,369,72,138,LC7701NI_95PP13W1.xlsx,95PP13W1,28.88425443,38.47758081,7.507820647
602,94,116,220,65,107,LC7701NI_95PP14S1.xlsx,95PP14S1,19.26910299,36.5448505,10.79734219
909,140,186,334,125,124,LC7701NI_95PP14S2.xlsx,95PP14S2,20.4620462,36.74367437,13.75137514
1450,202,694,168,162,224,LC7701NI_95PP15W1.xlsx,95PP15W1,47.86206897,11.5862069,11.17241379
815,120,295,202,73,125,LC7701NI_95PP16W1.xlsx,95PP16W1,36.19631902,24.78527607,8.957055215
921,115,300,270,75,161,LC7701NI_95PP17W1.xlsx,95PP17W1,32.5732899,29.31596091,8.143322476
1431,239,309,502,141,240,LC7701NI_95PP18W1.xlsx,95PP18W1,21.5932914,35.08036338,9.853249476
908,163,153,253,98,241,LC7701NI_95PP19W1.xlsx,95PP19W1,16.85022026,27.86343612,10.79295154
1365,145,773,118,135,194,LC7701NI_95PP20W1.xlsx,95PP20W1,56.63003663,8.644688645,9.89010989
913,157,115,173,152,316,LC7701NI_95PP21W1.xlsx,95PP21W1,12.5958379,18.94852136,16.64841183
1034,109,584,92,98,151,LC7701NI_95PP22W1.xlsx,95PP22W1,56.47969052,8.897485493,9.477756286
1122,207,246,352,103,214,LC7701NI_95PP23W1.xlsx,95PP23W1,21.92513369,31.37254902,9.180035651
519,38,246,137,51,47,LC7701NI_95QQ01W1.xlsx,95QQ01W1,47.39884393,26.39691715,9.826589595
1270,147,378,514,76,155,LC7701NI_95QQ02W1.xlsx,95QQ02W1,29.76377953,40.47244094,5.984251969
395,17,207,103,36,32,LC7701NI_95QQ03W1.xlsx,95QQ03W1,52.40506329,26.07594937,9.113924051
644,46,325,136,83,54,LC7701NI_95QQ04W1.xlsx,95QQ04W1,50.46583851,21.11801242,12.88819876
1309,111,453,319,290,136,LC7701NI_95QQ05W1.xlsx,95QQ05W1,34.6065699,24.3697479,22.15431627
804,102,125,255,162,160,LC7701NI_95QQ06W1.xlsx,95QQ06W1,15.54726368,31.71641791,20.14925373
698,53,311,190,55,89,LC7701NI_95QQ07W1.xlsx,95QQ07W1,44.55587393,27.22063037,7.87965616
515,34,271,116,40,54,LC7701NI_95QQ08W1.xlsx,95QQ08W1,52.62135922,22.52427184,7.766990291
714,38,329,197,81,69,LC7701NI_95QQ09W1.xlsx,95QQ09W1,46.07843137,27.59103641,11.34453782
844,138,138,296,129,143,LC7701NI_95QQ10W1.xlsx,95QQ10W1,16.3507109,35.07109005,15.28436019
943,126,317,337,51,112,LC7701NI_95QQ11W1.xlsx,95QQ11W1,33.61611877,35.73700954,5.408271474
749,74,330,184,85,76,LC7701NI_95QQ12W1.xlsx,95QQ12W1,44.05874499,24.56608812,11.34846462
1198,147,253,519,134,145,LC7701NI_95QQ13W1.xlsx,95QQ13W1,21.11853088,43.32220367,11.18530885
1891,118,661,739,192,181,LC7701NI_95QQ14S1.xlsx,95QQ14S1,34.95505024,39.07985193,10.15335801
866,152,212,359,44,99,LC7701NI_95QQ14S2.xlsx,95QQ14S2,24.48036952,41.45496536,5.080831409
661,48,326,157,67,63,LC7701NI_95QQ15W1.xlsx,95QQ15W1,49.31921331,23.75189107,10.13615734
1015,78,343,379,89,126,LC7701NI_95RR01S1.xlsx,95RR01S1,33.79310345,37.33990148,8.768472906
812,112,241,258,97,104,LC7701NI_95RR01S2.xlsx,95RR01S2,29.67980296,31.77339901,11.94581281
653,85,198,165,93,112,LC7701NI_95RR02W1.xlsx,95RR02W1,30.32159265,25.26799387,14.24196018
389,38,171,97,25,58,LC7701NI_95RR03W1.xlsx,95RR03W1,43.95886889,24.93573265,6.426735219
652,60,124,225,90,153,LC7701NI_95RR04W1.xlsx,95RR04W1,19.01840491,34.50920245,13.80368098
507,40,181,170,61,55,LC7701NI_95RR05S1.xlsx,95RR05S1,35.70019724,33.53057199,12.03155819
358,25,159,108,30,36,LC7701NI_95RR05S2.xlsx,95RR05S2,44.41340782,30.16759777,8.379888268
798,112,128,224,93,241,LC7701NI_95RR06W1.xlsx,95RR06W1,16.04010025,28.07017544,11.65413534
1011,122,303,322,103,161,LC7701NI_95RR07W1.xlsx,95RR07W1,29.97032641,31.84965381,10.18793274
867,128,204,262,84,189,LC7701NI_95RR08W1.xlsx,95RR08W1,23.52941176,30.21914648,9.688581315
817,75,165,351,100,126,LC7701NI_95RR09S1.xlsx,95RR09S1,20.19583843,42.9620563,12.23990208
715,45,206,283,78,103,LC7701NI_95RR09S2.xlsx,95RR09S2,28.81118881,39.58041958,10.90909091
333,29,148,72,33,51,LC7701NI_95RR10W1.xlsx,95RR10W1,44.44444444,21.62162162,9.90990991
778,146,180,244,89,119,LC7701NI_95RR11W1.xlsx,95RR11W1,23.13624679,31.36246787,11.43958869
553,45,202,183,55,68,LC7701NI_95RR12W1.xlsx,95RR12W1,36.52802893,33.09222423,9.945750452
443,52,157,130,53,51,LC7701NI_95RR13W1.xlsx,95RR13W1,35.44018059,29.34537246,11.96388262
741,117,140,242,97,145,LC7701NI_95RR14W1.xlsx,95RR14W1,18.89338731,32.6585695,13.09041835
935,143,133,292,148,219,LC7701NI_95RR15W1.xlsx,95RR15W1,14.22459893,31.22994652,15.82887701
983,172,247,400,35,129,LC7701NI_95SS01S1.xlsx,95SS01S1,25.12716175,40.69175992,3.560528993
1404,122,210,847,72,153,LC7701NI_95SS01S2.xlsx,95SS01S2,14.95726496,60.32763533,5.128205128
860,70,394,280,22,94,LC7701NI_95SS02S1.xlsx,95SS02S1,45.81395349,32.55813953,2.558139535
1031,72,448,404,34,73,LC7701NI_95SS02S2.xlsx,95SS02S2,43.45295829,39.18525703,3.297769156
719,115,183,303,27,91,LC7701NI_95SS03S1.xlsx,95SS03S1,25.45201669,42.1418637,3.755215577
860,133,202,354,36,135,LC7701NI_95SS03S2.xlsx,95SS03S2,23.48837209,41.1627907,4.186046512
991,64,448,354,23,102,LC7701NI_95SS04S1.xlsx,95SS04S1,45.20686176,35.72149344,2.320887992
995,57,466,338,33,101,LC7701NI_95SS04S2.xlsx,95SS04S2,46.83417085,33.96984925,3.316582915
1749,133,703,686,52,175,LC7701NI_95SS04S3.xlsx,95SS04S3,40.1943968,39.22241281,2.973127501
686,58,361,188,13,66,LC7701NI_95SS05S1.xlsx,95SS05S1,52.62390671,27.40524781,1.895043732
895,91,318,367,29,90,LC7701NI_95SS05S2.xlsx,95SS05S2,35.53072626,41.00558659,3.240223464
410,50,275,32,9,44,LC7701NI_95SS06S1.xlsx,95SS06S1,67.07317073,7.804878049,2.195121951
465,38,320,48,12,47,LC7701NI_95SS06S2.xlsx,95SS06S2,68.8172043,10.32258065,2.580645161
502,42,352,50,9,49,LC7701NI_95SS06S3.xlsx,95SS06S3,70.11952191,9.960159363,1.792828685
1479,102,970,220,31,156,LC7701NI_95SS07S1.xlsx,95SS07S1,65.58485463,14.87491548,2.096010818
719,55,481,89,11,83,LC7701NI_95SS07S2.xlsx,95SS07S2,66.8984701,12.3783032,1.529902643
1743,132,1097,306,52,156,LC7701NI_95SS07S3.xlsx,95SS07S3,62.93746414,17.55593804,2.98336202
918,91,209,448,56,114,LC7701NI_95SS08S1.xlsx,95SS08S1,22.76688453,48.80174292,6.100217865
1238,140,185,652,72,189,LC7701NI_95SS08S2.xlsx,95SS08S2,14.94345719,52.66558966,5.815831987
823,97,467,131,38,90,LC7701NI_95SS09S1.xlsx,95SS09S1,56.7436209,15.91737546,4.617253949
777,123,364,168,33,89,LC7701NI_95SS09S2.xlsx,95SS09S2,46.84684685,21.62162162,4.247104247
1016,79,701,107,25,104,LC7701NI_95SS10S1.xlsx,95SS10S1,68.99606299,10.53149606,2.460629921
1045,76,760,101,26,82,LC7701NI_95SS10S2.xlsx,95SS10S2,72.72727273,9.66507177,2.488038278
1308,116,189,760,71,172,LC7701NI_95SS11S1.xlsx,95SS11S1,14.44954128,58.10397554,5.428134557
1343,183,364,597,33,166,LC7701NI_95SS11S2.xlsx,95SS11S2,27.10349963,44.4527178,2.457185406
1313,121,677,343,40,132,LC7701NI_95SS12W1.xlsx,95SS12W1,51.56130998,26.12338157,3.046458492
683,56,397,153,11,66,LC7701NI_95SS13S1.xlsx,95SS13S1,58.12591508,22.4011713,1.610541728
562,29,368,115,11,39,LC7701NI_95SS13S2.xlsx,95SS13S2,65.48042705,20.46263345,1.957295374
515,38,302,109,10,56,LC7701NI_95SS14S1.xlsx,95SS14S1,58.6407767,21.16504854,1.941747573
652,55,288,229,20,60,LC7701NI_95SS14S2.xlsx,95SS14S2,44.17177914,35.12269939,3.067484663
796,77,243,363,40,73,LC7701NI_95SS15S1.xlsx,95SS15S1,30.52763819,45.60301508,5.025125628
887,157,241,346,40,103,LC7701NI_95SS15S2.xlsx,95SS15S2,27.17023675,39.00789177,4.509582864
626,46,460,55,11,54,LC7701NI_95SS16S1.xlsx,95SS16S1,73.48242812,8.785942492,1.757188498
488,37,342,36,11,62,LC7701NI_95SS16S2.xlsx,95SS16S2,70.08196721,7.37704918,2.254098361
1312,91,593,442,45,141,LC7701NI_95SS17S1.xlsx,95SS17S1,45.19817073,33.68902439,3.429878049
676,39,379,158,22,78,LC7701NI_95SS17S2.xlsx,95SS17S2,56.06508876,23.37278107,3.25443787
541,34,319,117,15,56,LC7701NI_95SS18S1.xlsx,95SS18S1,58.96487985,21.62661738,2.772643253
580,53,317,151,10,49,LC7701NI_95SS18S2.xlsx,95SS18S2,54.65517241,26.03448276,1.724137931
659,40,373,163,12,71,LC7701NI_95SS19S1.xlsx,95SS19S1,56.60091047,24.73444613,1.820940819
597,45,369,87,14,82,LC7701NI_95SS19S2.xlsx,95SS19S2,61.80904523,14.57286432,2.345058626
1112,99,529,341,30,113,LC7701NI_95SS20W1.xlsx,95SS20W1,47.57194245,30.66546763,2.697841727
1214,78,437,514,64,121,LC7701NI_95SS21S1.xlsx,95SS21S1,35.99670511,42.33937397,5.271828666
1161,170,337,459,67,128,LC7701NI_95SS21S2.xlsx,95SS21S2,29.02670112,39.53488372,5.770887166
703,54,403,136,15,95,LC7701NI_95SS22S1.xlsx,95SS22S1,57.3257468,19.34566145,2.13371266
710,60,366,190,14,80,LC7701NI_95SS22S2.xlsx,95SS22S2,51.54929577,26.76056338,1.971830986
1026,87,328,453,47,111,LC7701NI_95SS23S1.xlsx,95SS23S1,31.96881092,44.15204678,4.580896686
781,77,312,259,29,104,LC7701NI_95SS23S2.xlsx,95SS23S2,39.94878361,33.16261204,3.71318822
1386,167,241,707,122,149,LC7701NI_95SS24S1.xlsx,95SS24S1,17.38816739,51.01010101,8.802308802
1073,89,189,584,96,115,LC7701NI_95SS24S2.xlsx,95SS24S2,17.61416589,54.42684063,8.946877912
816,68,504,153,11,80,LC7701NI_95SS25W1.xlsx,95SS25W1,61.76470588,18.75,1.348039216
569,44,416,53,15,41,LC7701NI_95SS26S1.xlsx,95SS26S1,73.11072056,9.314586995,2.636203866
724,39,521,67,24,73,LC7701NI_95SS26S2.xlsx,95SS26S2,71.96132597,9.254143646,3.314917127
1023,61,721,136,17,88,LC7701NI_95SS27W1.xlsx,95SS27W1,70.47898338,13.29423265,1.661779081
1025,97,565,243,25,95,LC7701NI_95SS28W1.xlsx,95SS28W1,55.12195122,23.70731707,2.43902439
348,30,237,36,9,36,LC7701NI_95SS29S1.xlsx,95SS29S1,68.10344828,10.34482759,2.586206897
360,31,261,20,2,46,LC7701NI_95SS29S2.xlsx,95SS29S2,72.5,5.555555556,0.555555556
669,124,211,112,14,208,LC7701NI_95SS30S1.xlsx,95SS30S1,31.53961136,16.74140508,2.092675635
948,98,467,251,31,101,LC7701NI_95SS30S2.xlsx,95SS30S2,49.26160338,26.47679325,3.270042194
1188,158,360,246,187,237,LC7701NI_95TT01W1.xlsx,95TT01W1,30.3030303,20.70707071,15.74074074
1080,135,275,268,173,229,LC7701NI_95TT02W1.xlsx,95TT02W1,25.46296296,24.81481481,16.01851852
657,60,223,143,127,104,LC7701NI_95TT03S1.xlsx,95TT03S1,33.94216134,21.76560122,19.33028919
741,101,256,133,125,126,LC7701NI_95TT03S2.xlsx,95TT03S2,34.54790823,17.94871795,16.86909582
1194,135,297,282,239,241,LC7701NI_95TT04W1.xlsx,95TT04W1,24.87437186,23.61809045,20.01675042
779,76,295,147,164,97,LC7701NI_95TT05S1.xlsx,95TT05S1,37.8690629,18.8703466,21.05263158
433,32,200,85,47,69,LC7701NI_95TT05S2.xlsx,95TT05S2,46.18937644,19.63048499,10.85450346
1140,134,281,271,214,240,LC7701NI_95TT06W1.xlsx,95TT06W1,24.64912281,23.77192982,18.77192982
1236,177,470,200,227,162,LC7701NI_95TT07W1.xlsx,95TT07W1,38.02588997,16.18122977,18.36569579
1248,218,381,226,183,240,LC7701NI_95TT08W1.xlsx,95TT08W1,30.52884615,18.10897436,14.66346154
624,98,126,150,106,144,LC7701NI_95TT09S1.xlsx,95TT09S1,20.19230769,24.03846154,16.98717949
642,79,135,167,139,122,LC7701NI_95TT09S2.xlsx,95TT09S2,21.02803738,26.01246106,21.65109034
1102,95,349,244,225,189,LC7701NI_95TT10W1.xlsx,95TT10W1,31.66969147,22.1415608,20.41742287
684,82,160,176,123,143,LC7701NI_95TT11S1.xlsx,95TT11S1,23.39181287,25.73099415,17.98245614
687,105,134,174,110,164,LC7701NI_95TT11S2.xlsx,95TT11S2,19.50509461,25.32751092,16.01164483
1102,173,385,199,183,162,LC7701NI_95TT12W1.xlsx,95TT12W1,34.93647913,18.05807623,16.6061706
691,56,257,154,123,101,LC7701NI_95TT13S1.xlsx,95TT13S1,37.19247467,22.28654124,17.80028944
495,28,262,95,59,51,LC7701NI_95TT13S2.xlsx,95TT13S2,52.92929293,19.19191919,11.91919192
894,70,348,209,144,123,LC7701NI_95TT14W1.xlsx,95TT14W1,38.9261745,23.37807606,16.10738255
960,140,205,288,164,163,LC7701NI_95TT15W1.xlsx,95TT15W1,21.35416667,30,17.08333333
1105,159,179,355,173,239,LC7701NI_95TT16W1.xlsx,95TT16W1,16.19909502,32.12669683,15.6561086
571,45,229,110,91,96,LC7701NI_95UU06W1.xlsx,95UU06W1,40.10507881,19.26444834,15.93695271
660,108,122,154,157,119,LC7701NI_95UU09W1.xlsx,95UU09W1,18.48484848,23.33333333,23.78787879
608,65,209,120,119,95,LC7701NI_95UU14W1.xlsx,95UU14W1,34.375,19.73684211,19.57236842
809,130,139,227,147,166,LC7701NI_95UU99C1.xlsx,95UU99C1,17.18170581,28.05933251,18.17058096
627,79,179,179,110,80,LC7701NI_95UU99C2.xlsx,95UU99C2,28.54864434,28.54864434,17.54385965
730,179,170,92,147,142,LC7701NI_95UU99C3.xlsx,95UU99C3,23.28767123,12.60273973,20.1369863
765,157,128,237,132,111,LC7701NI_95UU99C4.xlsx,95UU99C4,16.73202614,30.98039216,17.25490196
971,145,180,190,274,182,LC7701NI_95UU99C5.xlsx,95UU99C5,18.53759011,19.56745623,28.21833162
842,141,245,147,165,144,LC7701NI_95UU99C6.xlsx,95UU99C6,29.09738717,17.4584323,19.59619952
717,94,173,141,144,165,LC7701NI_95VV01S1.xlsx,95VV01S1,24.12831241,19.66527197,20.08368201
631,44,207,118,122,140,LC7701NI_95VV01S2.xlsx,95VV01S2,32.80507132,18.70047544,19.33438986
673,41,419,55,75,83,LC7701NI_95VV02W1.xlsx,95VV02W1,62.25854383,8.172362556,11.14413076
848,94,444,99,74,137,LC7701NI_95VV03W1.xlsx,95VV03W1,52.35849057,11.6745283,8.726415094
1314,175,414,227,186,312,LC7701NI_95VV04W1.xlsx,95VV04W1,31.50684932,17.27549467,14.15525114
768,104,217,169,121,157,LC7701NI_95VV05S1.xlsx,95VV05S1,28.25520833,22.00520833,15.75520833
1102,114,515,77,170,226,LC7701NI_95VV05S2.xlsx,95VV05S2,46.73321234,6.987295826,15.42649728
1267,157,559,129,140,282,LC7701NI_95VV06W1.xlsx,95VV06W1,44.11996843,10.18153118,11.04972376
721,66,322,135,78,120,LC7701NI_95VV07S1.xlsx,95VV07S1,44.66019417,18.72399445,10.81830791
943,91,437,140,122,153,LC7701NI_95VV07S2.xlsx,95VV07S2,46.34146341,14.84623542,12.93743372
1013,180,138,268,133,294,LC7701NI_95VV08W1.xlsx,95VV08W1,13.62290227,26.45607108,13.12931885
869,97,125,256,135,256,LC7701NI_95VV09W1.xlsx,95VV09W1,14.38434983,29.45914845,15.53509781
499,40,306,44,40,69,LC7701NI_95VV10S1.xlsx,95VV10S1,61.32264529,8.817635271,8.016032064
590,58,342,61,54,75,LC7701NI_95VV10S2.xlsx,95VV10S2,57.96610169,10.33898305,9.152542373
859,72,470,54,121,142,LC7701NI_95VV11S1.xlsx,95VV11S1,54.71478463,6.286379511,14.08614668
1062,96,490,127,168,181,LC7701NI_95VV11S2.xlsx,95VV11S2,46.1393597,11.95856874,15.81920904
605,64,343,51,60,87,LC7701NI_95VV12S1.xlsx,95VV12S1,56.69421488,8.429752066,9.917355372
589,37,345,63,41,103,LC7701NI_95VV12S2.xlsx,95VV12S2,58.57385399,10.69609508,6.960950764
860,107,311,151,109,182,LC7701NI_95VV13S1.xlsx,95VV13S1,36.1627907,17.55813953,12.6744186
606,106,224,79,78,119,LC7701NI_95VV13S2.xlsx,95VV13S2,36.96369637,13.03630363,12.87128713
817,81,449,53,94,140,LC7701NI_95VV14S1.xlsx,95VV14S1,54.95716034,6.487148103,11.50550796
576,45,324,51,58,98,LC7701NI_95VV14S2.xlsx,95VV14S2,56.25,8.854166667,10.06944444
439,42,257,35,48,57,LC7701NI_95VV15S1.xlsx,95VV15S1,58.54214123,7.972665148,10.93394077
701,66,404,80,69,82,LC7701NI_95VV15S2.xlsx,95VV15S2,57.63195435,11.41226819,9.843081312
1262,149,621,82,124,286,LC7701NI_95VV16W1.xlsx,95VV16W1,49.20760697,6.497622821,9.825673534
819,87,300,119,87,226,LC7701NI_95VV17S1.xlsx,95VV17S1,36.63003663,14.52991453,10.62271062
801,82,111,255,79,274,LC7701NI_95VV17S2.xlsx,95VV17S2,13.8576779,31.83520599,9.86267166
857,92,363,120,102,180,LC7701NI_95VV18S1.xlsx,95VV18S1,42.35705951,14.00233372,11.90198366
656,67,272,102,72,143,LC7701NI_95VV18S2.xlsx,95VV18S2,41.46341463,15.54878049,10.97560976
477,41,201,70,64,101,LC7701NI_95VV19S1.xlsx,95VV19S1,42.13836478,14.67505241,13.41719078
612,50,209,148,72,133,LC7701NI_95VV19S2.xlsx,95VV19S2,34.1503268,24.18300654,11.76470588
1231,228,309,228,155,311,LC7701NI_95VV20W1.xlsx,95VV20W1,25.10154346,18.52152721,12.59138911
973,157,334,158,104,220,LC7701NI_95VV21S1.xlsx,95VV21S1,34.32682425,16.23843782,10.68859198
730,132,221,123,103,151,LC7701NI_95VV21S2.xlsx,95VV21S2,30.2739726,16.84931507,14.10958904
1079,193,152,357,156,221,LC7701NI_95VV22W1.xlsx,95VV22W1,14.0871177,33.08619092,14.45783133
1109,125,230,369,163,222,LC7701NI_95VV23W1.xlsx,95VV23W1,20.73940487,33.27321912,14.69792606
602,83,164,144,100,111,LC7701NI_95VV24S1.xlsx,95VV24S1,27.24252492,23.92026578,16.61129568
527,54,216,109,60,88,LC7701NI_95VV24S2.xlsx,95VV24S2,40.98671727,20.68311195,11.38519924
589,68,83,165,75,198,LC7701NI_95VV25S1.xlsx,95VV25S1,14.09168081,28.01358234,12.73344652
718,82,145,203,94,194,LC7701NI_95VV25S2.xlsx,95VV25S2,20.19498607,28.2729805,13.09192201
1420,193,180,548,169,330,LC7701NI_95VV26W1.xlsx,95VV26W1,12.67605634,38.5915493,11.90140845
845,82,485,74,101,103,LC7701NI_95VV27W1.xlsx,95VV27W1,57.3964497,8.75739645,11.95266272
941,79,490,93,136,143,LC7701NI_95VV28S1.xlsx,95VV28S1,52.07226355,9.883103082,14.45270988
473,38,281,33,56,65,LC7701NI_95VV28S2.xlsx,95VV28S2,59.40803383,6.976744186,11.83932347
1409,234,470,301,162,242,LC7701NI_95VV29W1.xlsx,95VV29W1,33.35699077,21.36266856,11.49751597
735,74,379,85,108,89,LC7701NI_95VV30S1.xlsx,95VV30S1,51.56462585,11.56462585,14.69387755
528,42,284,45,71,86,LC7701NI_95VV30S2.xlsx,95VV30S2,53.78787879,8.522727273,13.4469697
576,49,360,93,31,43,LC7701NI_95WW01S1.xlsx,95WW01S1,62.5,16.14583333,5.381944444
568,35,346,117,23,47,LC7701NI_95WW01S2.xlsx,95WW01S2,60.91549296,20.59859155,4.049295775
678,39,221,334,27,57,LC7701NI_95WW02S1.xlsx,95WW02S1,32.59587021,49.26253687,3.982300885
920,52,252,519,28,69,LC7701NI_95WW02S2.xlsx,95WW02S2,27.39130435,56.41304348,3.043478261
677,44,268,287,15,63,LC7701NI_95WW03S1.xlsx,95WW03S1,39.58641064,42.3929099,2.215657312
1011,60,287,555,26,83,LC7701NI_95WW03S2.xlsx,95WW03S2,28.38773492,54.89614243,2.571711177
666,32,363,210,18,43,LC7701NI_95WW04S1.xlsx,95WW04S1,54.5045045,31.53153153,2.702702703
576,35,279,195,22,45,LC7701NI_95WW04S2.xlsx,95WW04S2,48.4375,33.85416667,3.819444444
759,54,426,183,23,73,LC7701NI_95WW05S1.xlsx,95WW05S1,56.12648221,24.11067194,3.03030303
491,33,295,94,21,48,LC7701NI_95WW05S2.xlsx,95WW05S2,60.0814664,19.14460285,4.276985743
786,116,238,328,22,82,LC7701NI_95WW06S1.xlsx,95WW06S1,30.27989822,41.7302799,2.798982188
778,81,139,447,25,86,LC7701NI_95WW06S2.xlsx,95WW06S2,17.86632391,57.45501285,3.213367609
854,105,231,401,26,91,LC7701NI_95WW07S1.xlsx,95WW07S1,27.04918033,46.95550351,3.044496487
1192,63,358,639,26,106,LC7701NI_95WW07S2.xlsx,95WW07S2,30.03355705,53.60738255,2.181208054
561,38,321,141,15,46,LC7701NI_95WW08S1.xlsx,95WW08S1,57.21925134,25.13368984,2.673796791
570,32,319,139,11,69,LC7701NI_95WW08S2.xlsx,95WW08S2,55.96491228,24.38596491,1.929824561
409,20,224,105,13,47,LC7701NI_95WW09S1.xlsx,95WW09S1,54.76772616,25.67237164,3.178484108
509,30,282,131,12,54,LC7701NI_95WW09S2.xlsx,95WW09S2,55.40275049,25.7367387,2.357563851
768,54,475,163,17,59,LC7701NI_95WW10S1.xlsx,95WW10S1,61.84895833,21.22395833,2.213541667
445,26,286,78,17,38,LC7701NI_95WW10S2.xlsx,95WW10S2,64.26966292,17.52808989,3.820224719
816,51,528,123,32,82,LC7701NI_95WW11S1.xlsx,95WW11S1,64.70588235,15.07352941,3.921568627
587,41,393,83,14,56,LC7701NI_95WW11S2.xlsx,95WW11S2,66.95059625,14.13969336,2.385008518
869,62,590,106,16,95,LC7701NI_95WW12W1.xlsx,95WW12W1,67.89413119,12.19792865,1.841196778
915,87,265,441,22,100,LC7701NI_95WW13S1.xlsx,95WW13S1,28.96174863,48.19672131,2.404371585
941,89,217,488,22,125,LC7701NI_95WW13S2.xlsx,95WW13S2,23.06057386,51.8597237,2.337938363
784,45,566,93,17,63,LC7701NI_95WW14W1.xlsx,95WW14W1,72.19387755,11.8622449,2.168367347
736,45,508,90,13,80,LC7701NI_95WW15S1.xlsx,95WW15S1,69.02173913,12.22826087,1.766304348
784,50,497,151,15,71,LC7701NI_95WW15S2.xlsx,95WW15S2,63.39285714,19.26020408,1.913265306
728,48,479,109,28,64,LC7701NI_95WW16S1.xlsx,95WW16S1,65.7967033,14.97252747,3.846153846
536,36,356,95,9,40,LC7701NI_95WW16S2.xlsx,95WW16S2,66.41791045,17.7238806,1.679104478
971,67,475,331,24,74,LC7701NI_95WW17W1.xlsx,95WW17W1,48.91864058,34.08856849,2.471678682
920,56,596,156,31,81,LC7701NI_95WW18W1.xlsx,95WW18W1,64.7826087,16.95652174,3.369565217
807,58,390,282,22,55,LC7701NI_95WW19S1.xlsx,95WW19S1,48.32713755,34.94423792,2.726146221
1013,81,364,437,39,92,LC7701NI_95WW19S2.xlsx,95WW19S2,35.93287266,43.13919052,3.849950642
1096,89,407,455,54,91,LC7701NI_95WW19S3.xlsx,95WW19S3,37.1350365,41.51459854,4.927007299
882,94,314,372,18,84,LC7701NI_95WW20S1.xlsx,95WW20S1,35.60090703,42.17687075,2.040816327
2505,183,1363,636,70,253,LC7701NI_95WW20S2.xlsx,95WW20S2,54.41117764,25.38922156,2.794411178
998,65,433,395,26,79,LC7701NI_95WW20S3.xlsx,95WW20S3,43.38677355,39.57915832,2.605210421
515,44,297,123,14,37,LC7701NI_95WW21S1.xlsx,95WW21S1,57.66990291,23.88349515,2.718446602
942,50,578,190,33,91,LC7701NI_95WW21S2.xlsx,95WW21S2,61.35881104,20.16985138,3.503184713
698,47,341,238,12,60,LC7701NI_95WW22S1.xlsx,95WW22S1,48.85386819,34.0974212,1.719197708
561,30,252,202,12,65,LC7701NI_95WW22S2.xlsx,95WW22S2,44.9197861,36.00713012,2.139037433
874,71,479,198,54,72,LC7701NI_95WW23S1.xlsx,95WW23S1,54.80549199,22.65446224,6.178489703
670,66,299,200,30,75,LC7701NI_95WW23S2.xlsx,95WW23S2,44.62686567,29.85074627,4.47761194
578,38,429,46,16,49,LC7701NI_95WW24S1.xlsx,95WW24S1,74.22145329,7.958477509,2.76816609
706,50,519,60,10,67,LC7701NI_95WW24S2.xlsx,95WW24S2,73.51274788,8.498583569,1.416430595
747,43,523,95,15,71,LC7701NI_95WW25W1.xlsx,95WW25W1,70.01338688,12.71753681,2.008032129
854,66,310,351,34,93,LC7701NI_95XX01S1.xlsx,95XX01S1,36.29976581,41.10070258,3.981264637
981,70,334,412,43,122,LC7701NI_95XX01S2.xlsx,95XX01S2,34.04689093,41.99796126,4.383282365
826,56,320,329,29,92,LC7701NI_95XX01S3.xlsx,95XX01S3,38.7409201,39.83050847,3.510895884
1164,153,354,460,63,134,LC7701NI_95XX02W1.xlsx,95XX02W1,30.41237113,39.51890034,5.412371134
534,37,217,196,24,60,LC7701NI_95XX03S1.xlsx,95XX03S1,40.63670412,36.70411985,4.494382022
694,55,275,273,33,58,LC7701NI_95XX03S2.xlsx,95XX03S2,39.62536023,39.33717579,4.755043228
832,66,286,359,25,96,LC7701NI_95XX04S1.xlsx,95XX04S1,34.375,43.14903846,3.004807692
934,64,356,368,49,97,LC7701NI_95XX04S2.xlsx,95XX04S2,38.11563169,39.40042827,5.246252677
1070,67,474,378,45,106,LC7701NI_95XX05W1.xlsx,95XX05W1,44.29906542,35.3271028,4.205607477
674,43,314,207,32,78,LC7701NI_95XX06S1.xlsx,95XX06S1,46.58753709,30.71216617,4.747774481
972,64,400,388,30,90,LC7701NI_95XX06S2.xlsx,95XX06S2,41.15226337,39.91769547,3.086419753
616,40,221,248,37,70,LC7701NI_95XX07S1.xlsx,95XX07S1,35.87662338,40.25974026,6.006493506
529,39,183,199,28,80,LC7701NI_95XX07S2.xlsx,95XX07S2,34.59357278,37.61814745,5.293005671
574,35,209,241,29,60,LC7701NI_95XX08S1.xlsx,95XX08S1,36.41114983,41.98606272,5.052264808
521,42,180,230,21,48,LC7701NI_95XX08S2.xlsx,95XX08S2,34.54894434,44.14587332,4.030710173
492,34,176,214,21,47,LC7701NI_95XX09S1.xlsx,95XX09S1,35.77235772,43.49593496,4.268292683
632,48,222,256,38,68,LC7701NI_95XX09S2.xlsx,95XX09S2,35.12658228,40.50632911,6.012658228
776,75,332,267,21,81,LC7701NI_95XX10S1.xlsx,95XX10S1,42.78350515,34.40721649,2.706185567
925,49,361,383,35,97,LC7701NI_95XX10S2.xlsx,95XX10S2,39.02702703,41.40540541,3.783783784
566,42,286,171,25,42,LC7701NI_95XX10S3.xlsx,95XX10S3,50.53003534,30.21201413,4.416961131
1207,95,451,490,44,127,LC7701NI_95XX11S1.xlsx,95XX11S1,37.36536868,40.5965203,3.645401823
1171,78,412,514,43,124,LC7701NI_95XX11S2.xlsx,95XX11S2,35.18360376,43.8941076,3.672075149
636,44,297,183,26,86,LC7701NI_95XX11S3.xlsx,95XX11S3,46.69811321,28.77358491,4.088050314
992,169,309,387,45,82,LC7701NI_95XX12W1.xlsx,95XX12W1,31.14919355,39.01209677,4.536290323
1123,161,305,490,50,117,LC7701NI_95XX13W1.xlsx,95XX13W1,27.15939448,43.63312556,4.452359751
1051,134,544,224,43,106,LC7701NI_95XX14W1.xlsx,95XX14W1,51.76022835,21.3130352,4.091341579
984,65,464,305,37,113,LC7701NI_95XX15W1.xlsx,95XX15W1,47.15447154,30.99593496,3.760162602
1224,118,384,529,55,138,LC7701NI_95XX16W1.xlsx,95XX16W1,31.37254902,43.21895425,4.493464052
703,70,318,214,34,67,LC7701NI_95XX17S1.xlsx,95XX17S1,45.23470839,30.44096728,4.836415363
716,79,261,251,37,88,LC7701NI_95XX17S2.xlsx,95XX17S2,36.45251397,35.05586592,5.167597765
1446,170,908,184,55,129,LC7701NI_95XX18W1.xlsx,95XX18W1,62.79391425,12.72475795,3.803596127
1136,122,673,183,43,115,LC7701NI_95XX19W1.xlsx,95XX19W1,59.24295775,16.10915493,3.785211268
807,53,554,96,25,79,LC7701NI_95XX20S1.xlsx,95XX20S1,68.64931846,11.89591078,3.097893432
762,157,430,52,28,95,LC7701NI_95XX20S2.xlsx,95XX20S2,56.43044619,6.824146982,3.674540682
1047,113,334,451,52,97,LC7701NI_95XX21W1.xlsx,95XX21W1,31.90066858,43.07545368,4.966571156
1041,82,474,361,31,93,LC7701NI_95XX22W1.xlsx,95XX22W1,45.53314121,34.67819404,2.97790586
1561,119,733,514,55,140,LC7701NI_95XX23W1.xlsx,95XX23W1,46.9570788,32.92761051,3.523382447
614,58,264,228,25,39,LC7701NI_95XX24S1.xlsx,95XX24S1,42.99674267,37.13355049,4.071661238
556,29,251,203,23,50,LC7701NI_95XX24S2.xlsx,95XX24S2,45.14388489,36.51079137,4.136690647
943,69,469,260,33,112,LC7701NI_95XX25W1.xlsx,95XX25W1,49.73488865,27.57158006,3.499469777
1013,189,388,145,133,158,LC7701NI_95YY01W1.xlsx,95YY01W1,38.30207305,14.31391905,13.12931885
808,77,431,75,105,120,LC7701NI_95YY02W1.xlsx,95YY02W1,53.34158416,9.282178218,12.9950495
1334,223,456,256,183,216,LC7701NI_95YY03W1.xlsx,95YY03W1,34.18290855,19.1904048,13.71814093
1397,112,782,130,186,187,LC7701NI_95YY04W1.xlsx,95YY04W1,55.97709377,9.305654975,13.31424481
640,43,393,48,76,80,LC7701NI_95YY05W1.xlsx,95YY05W1,61.40625,7.5,11.875
891,141,125,331,118,176,LC7701NI_95YY06W1.xlsx,95YY06W1,14.0291807,37.14927048,13.24354658
1078,161,325,251,157,184,LC7701NI_95YY07W1.xlsx,95YY07W1,30.14842301,23.283859,14.56400742
879,146,83,369,84,197,LC7701NI_95YY08W1.xlsx,95YY08W1,9.44254835,41.97952218,9.556313993
930,96,539,81,121,93,LC7701NI_95YY09W1.xlsx,95YY09W1,57.95698925,8.709677419,13.01075269
980,190,400,131,125,134,LC7701NI_95YY10W1.xlsx,95YY10W1,40.81632653,13.36734694,12.75510204
763,134,114,290,78,147,LC7701NI_95YY11W1.xlsx,95YY11W1,14.94102228,38.0078637,10.22280472
1188,187,405,242,178,176,LC7701NI_95YY12W1.xlsx,95YY12W1,34.09090909,20.37037037,14.98316498
592,54,329,64,79,66,LC7701NI_95YY13S1.xlsx,95YY13S1,55.57432432,10.81081081,13.34459459
449,44,269,42,38,56,LC7701NI_95YY13S2.xlsx,95YY13S2,59.91091314,9.354120267,8.46325167
621,50,355,61,65,90,LC7701NI_95YY14S1.xlsx,95YY14S1,57.16586151,9.822866345,10.46698873
650,62,336,52,89,111,LC7701NI_95YY14S2.xlsx,95YY14S2,51.69230769,8,13.69230769
121,17,63,6,19,16,LC7701NI_95YY15S1.xlsx,95YY15S1,52.0661157,4.958677686,15.70247934
509,66,286,45,49,63,LC7701NI_95YY15S2.xlsx,95YY15S2,56.18860511,8.84086444,9.626719057
1048,193,175,346,157,177,LC7701NI_95YY16W1.xlsx,95YY16W1,16.69847328,33.01526718,14.98091603
955,168,112,350,98,227,LC7701NI_95YY17W1.xlsx,95YY17W1,11.72774869,36.64921466,10.2617801
901,169,128,322,119,163,LC7701NI_95YY18W1.xlsx,95YY18W1,14.20643729,35.73806881,13.20754717
561,76,300,65,59,61,LC7701NI_95YY19W1.xlsx,95YY19W1,53.47593583,11.58645276,10.51693405
906,192,132,276,130,176,LC7701NI_95YY20W1.xlsx,95YY20W1,14.56953642,30.46357616,14.34878587
1047,171,135,388,128,225,LC7701NI_95YY21W1.xlsx,95YY21W1,12.89398281,37.0582617,12.22540592
1075,148,377,274,84,192,LC7701NI_95ZZ01W1.xlsx,95ZZ01W1,35.06976744,25.48837209,7.813953488
484,41,243,98,21,81,LC7701NI_95ZZ02W1.xlsx,95ZZ02W1,50.20661157,20.24793388,4.338842975
605,71,169,152,95,118,LC7701NI_95ZZ03W1.xlsx,95ZZ03W1,27.9338843,25.12396694,15.70247934
1075,207,282,260,128,198,LC7701NI_95ZZ04W1.xlsx,95ZZ04W1,26.23255814,24.18604651,11.90697674
831,117,115,316,78,205,LC7701NI_95ZZ05W1.xlsx,95ZZ05W1,13.8387485,38.02647413,9.386281588
366,43,164,80,24,55,LC7701NI_95ZZ06W1.xlsx,95ZZ06W1,44.80874317,21.8579235,6.557377049
989,149,321,220,91,208,LC7701NI_95ZZ07W1.xlsx,95ZZ07W1,32.4570273,22.24469161,9.201213347
868,181,180,218,115,174,LC7701NI_95ZZ08W1.xlsx,95ZZ08W1,20.73732719,25.11520737,13.24884793
762,124,159,279,100,100,LC7701NI_95ZZ09W1.xlsx,95ZZ09W1,20.86614173,36.61417323,13.12335958
1119,107,456,292,72,192,LC7701NI_95ZZ10W1.xlsx,95ZZ10W1,40.75067024,26.09472744,6.434316354
864,179,103,321,88,173,LC7701NI_95ZZ11W1.xlsx,95ZZ11W1,11.9212963,37.15277778,10.18518519
723,66,293,169,66,129,LC7701NI_95ZZ12W1.xlsx,95ZZ12W1,40.52558783,23.37482711,9.128630705
1035,170,230,367,119,149,LC7701NI_95ZZ13W1.xlsx,95ZZ13W1,22.22222222,35.4589372,11.49758454
629,55,304,127,32,111,LC7701NI_95ZZ14S1.xlsx,95ZZ14S1,48.33068362,20.19077901,5.087440382
548,49,242,128,27,102,LC7701NI_95ZZ14S2.xlsx,95ZZ14S2,44.16058394,23.35766423,4.927007299
840,187,211,231,77,134,LC7701NI_95ZZ15W1.xlsx,95ZZ15W1,25.11904762,27.5,9.166666667
700,61,294,173,42,130,LC7701NI_95ZZ16S1.xlsx,95ZZ16S1,42,24.71428571,6
412,50,173,100,23,66,LC7701NI_95ZZ16S2.xlsx,95ZZ16S2,41.99029126,24.27184466,5.582524272
